appid,name,developer,publisher,owners,owners_min,owners_max,owners_avg,positive,negative,total_reviews,positive_review_rate,price_value,price_band,is_free,average_forever,median_forever,ccu,discount
730,Counter-Strike: Global Offensive,Valve,Valve,"100,000,000 .. 200,000,000",100000000,200000000,150000000.0,7642084,1173003,8815087,0.8669323399757711,0.0,Free,True,0,0,1013936,0
1172470,Apex Legends,Respawn,Electronic Arts,"100,000,000 .. 200,000,000",100000000,200000000,150000000.0,668053,326926,994979,0.6714242210137098,0.0,Free,True,0,0,124262,0
578080,PUBG: BATTLEGROUNDS,PUBG Corporation,"KRAFTON, Inc.","100,000,000 .. 200,000,000",100000000,200000000,150000000.0,1520457,1037487,2557944,0.5944058978617202,0.0,Free,True,0,0,314682,0
1623730,Palworld,Pocketpair,Pocketpair,"50,000,000 .. 100,000,000",50000000,100000000,75000000.0,358266,22443,380709,0.9410494629756586,29.99,10-30,False,0,0,18028,0
440,Team Fortress 2,Valve,Valve,"50,000,000 .. 100,000,000",50000000,100000000,75000000.0,1044264,117208,1161472,0.8990866762177651,0.0,Free,True,0,0,43819,0
1938090,Call of Duty: Modern Warfare II,"Treyarch, Raven Software, Beenox, High Moon Studios, Activision Shanghai, Sledgehammer Games, Infinity Ward, Demonware, Toys for Bob",Activision,"50,000,000 .. 100,000,000",50000000,100000000,75000000.0,419594,294520,714114,0.5875728525137444,38.49,30-60,False,0,0,67419,45
1063730,New World: Aeternum,Amazon Games,Amazon Games,"50,000,000 .. 100,000,000",50000000,100000000,75000000.0,196798,90080,286878,0.6859989263728833,59.99,30-60,False,0,0,5583,0
2358720,Black Myth: Wukong,Game Science,Game Science,"50,000,000 .. 100,000,000",50000000,100000000,75000000.0,1111720,38378,1150098,0.9666306697342314,59.99,30-60,False,0,0,15004,0
271590,Grand Theft Auto V Legacy,Rockstar North,Rockstar Games,"50,000,000 .. 100,000,000",50000000,100000000,75000000.0,1739980,250576,1990556,0.8741175832280026,0.0,Free,True,0,0,67851,0
550,Left 4 Dead 2,Valve,Valve,"50,000,000 .. 100,000,000",50000000,100000000,75000000.0,940221,23762,963983,0.9753501877107791,9.99,0-10,False,0,0,25122,0
304930,Unturned,Smartly Dressed Games,Smartly Dressed Games,"50,000,000 .. 100,000,000",50000000,100000000,75000000.0,506516,48852,555368,0.9120367035911323,0.0,Free,True,0,0,10408,0
1599340,Lost Ark,Smilegate RPG,Amazon Games,"50,000,000 .. 100,000,000",50000000,100000000,75000000.0,143481,58540,202021,0.7102281445988289,0.0,Free,True,0,0,17355,0
236390,War Thunder,Gaijin Entertainment,Gaijin Network Ltd,"20,000,000 .. 50,000,000",20000000,50000000,35000000.0,484469,272617,757086,0.639912770808072,0.0,Free,True,0,0,50478,0
2246340,Monster Hunter Wilds,"CAPCOM Co., Ltd.","CAPCOM Co., Ltd.","20,000,000 .. 50,000,000",20000000,50000000,35000000.0,127273,91142,218415,0.5827118100863036,29.39,10-30,False,0,0,12494,58
553850,HELLDIVERS 2,Arrowhead Game Studios,PlayStation Publishing LLC,"20,000,000 .. 50,000,000",20000000,50000000,35000000.0,775883,241752,1017635,0.7624374161659141,39.99,30-60,False,0,0,53399,0
230410,Warframe,Digital Extremes,Digital Extremes,"20,000,000 .. 50,000,000",20000000,50000000,35000000.0,545393,81110,626503,0.8705353366224903,0.0,Free,True,0,0,36195,0
1245620,ELDEN RING,"FromSoftware, Inc.","FromSoftware, Inc., Bandai Namco Entertainment","20,000,000 .. 50,000,000",20000000,50000000,35000000.0,981540,75137,1056677,0.9288931243890044,59.99,30-60,False,0,0,29529,0
105600,Terraria,Re-Logic,Re-Logic,"20,000,000 .. 50,000,000",20000000,50000000,35000000.0,1373979,35494,1409473,0.9748175381862583,9.99,0-10,False,0,0,24580,0
2694490,Path of Exile 2,Grinding Gear Games,Grinding Gear Games,"20,000,000 .. 50,000,000",20000000,50000000,35000000.0,118511,50510,169021,0.7011613941462895,14.99,10-30,False,0,0,16727,50
431960,Wallpaper Engine,Wallpaper Engine Team,Wallpaper Engine Team,"20,000,000 .. 50,000,000",20000000,50000000,35000000.0,876898,17560,894458,0.9803679993918104,4.99,0-10,False,0,0,91184,0
1086940,Baldur's Gate 3,Larian Studios,Larian Studios,"20,000,000 .. 50,000,000",20000000,50000000,35000000.0,736688,23974,760662,0.9684827163707402,59.99,30-60,False,0,0,54771,0
291550,Brawlhalla,Blue Mammoth Games,Ubisoft,"20,000,000 .. 50,000,000",20000000,50000000,35000000.0,314809,71647,386456,0.8146050261866811,0.0,Free,True,0,0,14169,0
4000,Garry's Mod,Facepunch Studios,Valve,"20,000,000 .. 50,000,000",20000000,50000000,35000000.0,1122546,37161,1159707,0.9679565614418124,4.99,0-10,False,0,0,18400,50
1085660,Destiny 2,Bungie,Bungie,"20,000,000 .. 50,000,000",20000000,50000000,35000000.0,497891,127725,625616,0.7958412188946574,0.0,Free,True,0,0,24619,0
359550,Tom Clancy's Rainbow Six Siege,Ubisoft Montreal,Ubisoft,"20,000,000 .. 50,000,000",20000000,50000000,35000000.0,1172854,225730,1398584,0.838601042196965,19.99,10-30,False,0,0,51847,0
252490,Rust,Facepunch Studios,Facepunch Studios,"20,000,000 .. 50,000,000",20000000,50000000,35000000.0,1071135,156649,1227784,0.8724132257791273,19.99,10-30,False,0,0,143870,50
552990,World of Warships,Wargaming Group Limited,Wargaming Group Limited,"20,000,000 .. 50,000,000",20000000,50000000,35000000.0,112887,33665,146552,0.7702863147551722,0.0,Free,True,0,0,8518,0
346110,ARK: Survival Evolved,"Studio Wildcard, Instinct Games, Efecto Studios, Virtual Basement LLC","Studio Wildcard, Snail Games USA","20,000,000 .. 50,000,000",20000000,50000000,35000000.0,612177,117993,730170,0.8384033855129628,14.99,10-30,False,0,0,22170,0
413150,Stardew Valley,ConcernedApe,ConcernedApe,"20,000,000 .. 50,000,000",20000000,50000000,35000000.0,872384,13811,886195,0.9844153939031477,14.99,10-30,False,0,0,50662,0
242760,The Forest,Endnight Games Ltd,Endnight Games Ltd,"20,000,000 .. 50,000,000",20000000,50000000,35000000.0,599805,27986,627791,0.9554214698840856,4.39,0-10,False,0,0,2892,78
1491000,War Robots: Frontiers,MY.GAMES,MY.GAMES,"20,000,000 .. 50,000,000",20000000,50000000,35000000.0,1977,1105,3082,0.6414665801427645,0.0,Free,True,0,0,256,0
238960,Path of Exile,Grinding Gear Games,Grinding Gear Games,"20,000,000 .. 50,000,000",20000000,50000000,35000000.0,209822,25269,235091,0.892513962678282,0.0,Free,True,0,0,4694,0
218620,PAYDAY 2,OVERKILL - a Starbreeze Studio.,Starbreeze Entertainment,"20,000,000 .. 50,000,000",20000000,50000000,35000000.0,594327,68755,663082,0.8963099586476484,9.99,0-10,False,0,0,27254,0
291480,Warface: Clutch,MY.GAMES,MY.GAMES,"20,000,000 .. 50,000,000",20000000,50000000,35000000.0,54554,27643,82197,0.6636981884983637,0.0,Free,True,0,0,270,0
901583,Grand Theft Auto IV: Complete Edition,"Rockstar North, Rockstar Toronto",Rockstar Games,"20,000,000 .. 50,000,000",20000000,50000000,35000000.0,144570,30702,175272,0.8248322607147748,0.0,Free,True,0,0,0,0
899770,Last Epoch,Eleventh Hour Games,Eleventh Hour Games,"20,000,000 .. 50,000,000",20000000,50000000,35000000.0,88027,22596,110623,0.7957386800213337,34.99,30-60,False,0,0,5831,0
340,Half-Life 2: Lost Coast,Valve,Valve,"20,000,000 .. 50,000,000",20000000,50000000,35000000.0,12215,1471,13686,0.8925179015051878,19.99,10-30,False,0,0,2,0
1091500,Cyberpunk 2077,CD PROJEKT RED,CD PROJEKT RED,"20,000,000 .. 50,000,000",20000000,50000000,35000000.0,713071,131850,844921,0.843949907742854,59.99,30-60,False,0,0,22265,0
381210,Dead by Daylight,Behaviour Interactive Inc.,Behaviour Interactive Inc.,"20,000,000 .. 50,000,000",20000000,50000000,35000000.0,630223,166993,797216,0.7905297936820134,19.99,10-30,False,0,0,44886,0
990080,Hogwarts Legacy,Avalanche Software,Warner Bros. Games,"20,000,000 .. 50,000,000",20000000,50000000,35000000.0,289966,31429,321395,0.9022106753372019,59.99,30-60,False,0,0,5716,0
438100,VRChat,VRChat Inc.,VRChat Inc.,"20,000,000 .. 50,000,000",20000000,50000000,35000000.0,181623,58732,240355,0.7556447754363338,0.0,Free,True,0,0,34699,0
292030,The Witcher 3: Wild Hunt,CD PROJEKT RED,CD PROJEKT RED,"20,000,000 .. 50,000,000",20000000,50000000,35000000.0,802993,32356,835349,0.9612664886173324,39.99,30-60,False,0,0,15893,0
945360,Among Us,Innersloth,Innersloth,"20,000,000 .. 50,000,000",20000000,50000000,35000000.0,643681,57104,700785,0.9185142376049715,2.99,0-10,False,0,0,3832,40
1097150,Fall Guys: Ultimate Knockout,Mediatonic,Ravenscourt,"20,000,000 .. 50,000,000",20000000,50000000,35000000.0,385154,88589,473743,0.8130019863090325,0.0,Free,True,0,0,664,0
49520,Borderlands 2,"Gearbox Software, Aspyr (Mac), Aspyr (Linux)","2K, Aspyr (Mac), Aspyr (Linux)","10,000,000 .. 20,000,000",10000000,20000000,15000000.0,272900,22318,295218,0.9244016286269807,19.99,10-30,False,0,0,8551,0
227300,Euro Truck Simulator 2,SCS Software,SCS Software,"10,000,000 .. 20,000,000",10000000,20000000,15000000.0,844480,22924,867404,0.973571715140811,19.99,10-30,False,0,0,17281,0
892970,Valheim,Iron Gate AB,Coffee Stain Publishing,"10,000,000 .. 20,000,000",10000000,20000000,15000000.0,471451,28377,499828,0.9432264699056475,19.99,10-30,False,0,0,14439,0
739630,Phasmophobia,Kinetic Games,Kinetic Games,"10,000,000 .. 20,000,000",10000000,20000000,15000000.0,736611,32168,768779,0.9581570256211474,19.99,10-30,False,0,0,9978,0
444090,Paladins,Evil Mojo Games,Hi-Rez Studios,"10,000,000 .. 20,000,000",10000000,20000000,15000000.0,294373,52031,346404,0.8497967690904262,0.0,Free,True,0,0,1028,0
1203220,NARAKA: BLADEPOINT,24 Entertainment,NetEase Games Global,"10,000,000 .. 20,000,000",10000000,20000000,15000000.0,225960,98967,324927,0.6954177399846735,0.0,Free,True,0,0,66954,0
320,Half-Life 2: Deathmatch,Valve,Valve,"10,000,000 .. 20,000,000",10000000,20000000,15000000.0,12962,1334,14296,0.9066871852266368,19.99,10-30,False,0,0,159,0
70,Half-Life,Valve,Valve,"10,000,000 .. 20,000,000",10000000,20000000,15000000.0,143086,5135,148221,0.9653557862920908,9.99,0-10,False,0,0,634,0
582010,Monster Hunter: World,"CAPCOM Co., Ltd.","CAPCOM Co., Ltd.","10,000,000 .. 20,000,000",10000000,20000000,15000000.0,434239,59151,493390,0.8801130951174527,7.79,0-10,False,0,0,11923,74
227940,Heroes & Generals,TLM Partners,TLM Partners,"10,000,000 .. 20,000,000",10000000,20000000,15000000.0,96499,46264,142763,0.6759384434342232,0.0,Free,True,0,0,0,0
252950,Rocket League,Psyonix LLC,Psyonix LLC,"10,000,000 .. 20,000,000",10000000,20000000,15000000.0,509445,73775,583220,0.8735039950618977,0.0,Free,True,0,0,21106,0
108600,Project Zomboid,The Indie Stone,The Indie Stone,"10,000,000 .. 20,000,000",10000000,20000000,15000000.0,355171,21892,377063,0.9419407366938681,19.99,10-30,False,0,0,22864,0
1966720,Lethal Company,Zeekerss,Zeekerss,"10,000,000 .. 20,000,000",10000000,20000000,15000000.0,473422,13738,487160,0.9717998193611955,9.99,0-10,False,0,0,6199,0
1174180,Red Dead Redemption 2,Rockstar Games,Rockstar Games,"10,000,000 .. 20,000,000",10000000,20000000,15000000.0,676667,56875,733542,0.9224652439805764,59.99,30-60,False,0,0,29885,0
1517290,Battlefield 2042,DICE,Electronic Arts,"10,000,000 .. 20,000,000",10000000,20000000,15000000.0,139186,158588,297774,0.4674216016173339,59.99,30-60,False,0,0,2774,0
1240440,Halo Infinite,343 Industries,Xbox Game Studios,"10,000,000 .. 20,000,000",10000000,20000000,15000000.0,123333,53708,177041,0.6966352426838981,0.0,Free,True,0,0,2275,0
648800,Raft,Redbeet Interactive,Axolot Games,"10,000,000 .. 20,000,000",10000000,20000000,15000000.0,323198,23161,346359,0.9331300760193902,19.99,10-30,False,0,0,4701,0
386360,SMITE,Titan Forge Games,Hi-Rez Studios,"10,000,000 .. 20,000,000",10000000,20000000,15000000.0,94368,25428,119796,0.7877391565661624,0.0,Free,True,0,0,1853,0
444200,World of Tanks Blitz,Wargaming Group Limited,Wargaming Group Limited,"10,000,000 .. 20,000,000",10000000,20000000,15000000.0,116407,31754,148161,0.7856790923387396,0.0,Free,True,0,0,5707,0
10,Counter-Strike,Valve,Valve,"10,000,000 .. 20,000,000",10000000,20000000,15000000.0,243818,6427,250245,0.9743171691742093,9.99,0-10,False,0,0,7323,0
240,Counter-Strike: Source,Valve,Valve,"10,000,000 .. 20,000,000",10000000,20000000,15000000.0,175426,6808,182234,0.9626414390289408,9.99,0-10,False,0,0,6187,0
3164500,Schedule I,TVGS,TVGS,"10,000,000 .. 20,000,000",10000000,20000000,15000000.0,200803,3238,204041,0.9841306404105057,19.99,10-30,False,0,0,22757,0
755790,Ring of Elysium,Aurora Studio,TCH Scarlet Limited,"10,000,000 .. 20,000,000",10000000,20000000,15000000.0,74345,25492,99837,0.7446638019972556,0.0,Free,True,0,0,0,0
400,Portal,Valve,Valve,"10,000,000 .. 20,000,000",10000000,20000000,15000000.0,175024,2717,177741,0.9847137126493043,9.99,0-10,False,0,0,638,0
1222670,The Sims 4,Maxis,Electronic Arts,"10,000,000 .. 20,000,000",10000000,20000000,15000000.0,149064,21663,170727,0.873113215835808,0.0,Free,True,0,0,25276,0
550650,Black Squad,"VALOFE, NS STUDIO",VALOFE,"10,000,000 .. 20,000,000",10000000,20000000,15000000.0,62042,19672,81714,0.7592578995031452,0.0,Free,True,0,0,212,0
322330,Don't Starve Together,Klei Entertainment,Klei Entertainment,"10,000,000 .. 20,000,000",10000000,20000000,15000000.0,475393,23668,499061,0.9525749357292996,1.49,0-10,False,0,0,30542,90
239140,Dying Light,Techland,Techland,"10,000,000 .. 20,000,000",10000000,20000000,15000000.0,435687,21945,457632,0.9520466226138032,24.99,10-30,False,0,0,4953,0
477160,Human Fall Flat,No Brakes Games,Curve Games,"10,000,000 .. 20,000,000",10000000,20000000,15000000.0,202253,11387,213640,0.9467000561692567,19.99,10-30,False,0,0,950,0
251570,7 Days to Die,The Fun Pimps,The Fun Pimps Entertainment LLC,"10,000,000 .. 20,000,000",10000000,20000000,15000000.0,327889,42157,370046,0.8860763256460008,44.99,30-60,False,0,0,17045,0
100,Counter-Strike: Condition Zero,Valve,Valve,"10,000,000 .. 20,000,000",10000000,20000000,15000000.0,13442,1535,14977,0.8975095145890365,9.99,0-10,False,0,0,83,0
1665460,eFootball,KONAMI,KONAMI,"10,000,000 .. 20,000,000",10000000,20000000,15000000.0,44067,48266,92333,0.47726165076408217,0.0,Free,True,0,0,13404,0
417910,Street Warriors Online,Crazy Rocks Studios,Crazy Rocks Studios,"10,000,000 .. 20,000,000",10000000,20000000,15000000.0,941,693,1634,0.5758873929008568,1.99,0-10,False,0,0,1,0
433850,Z1 Battle Royale,Daybreak Game Company,Daybreak Game Company,"10,000,000 .. 20,000,000",10000000,20000000,15000000.0,113729,90284,204013,0.5574595736546201,0.0,Free,True,0,0,1010,0
594650,Hunt: Showdown 1896,Crytek,Crytek,"10,000,000 .. 20,000,000",10000000,20000000,15000000.0,181110,67110,248220,0.7296350012086052,11.99,10-30,False,0,0,6300,60
814380,Sekiro: Shadows Die Twice - GOTY Edition,"FromSoftware, Inc.","Activision (Excluding Japan and Asia), FromSoftware, Inc. (Japan), 方块游戏 (Asia)","10,000,000 .. 20,000,000",10000000,20000000,15000000.0,307041,15193,322234,0.9528510337208365,59.99,30-60,False,0,0,6767,0
1116170,CyberCorp,Megame LLC,Megame LLC,"10,000,000 .. 20,000,000",10000000,20000000,15000000.0,266,56,322,0.8260869565217391,8.99,0-10,False,0,0,3,40
220,Half-Life 2,Valve,Valve,"10,000,000 .. 20,000,000",10000000,20000000,15000000.0,239721,5906,245627,0.9759554120678916,9.99,0-10,False,0,0,1555,0
107410,Arma 3,Bohemia Interactive,Bohemia Interactive,"10,000,000 .. 20,000,000",10000000,20000000,15000000.0,256128,27136,283264,0.9042024401265251,29.99,10-30,False,0,0,7181,0
1326470,Sons Of The Forest,Endnight Games Ltd,Newnight ,"10,000,000 .. 20,000,000",10000000,20000000,15000000.0,222495,31051,253546,0.8775330709220418,29.99,10-30,False,0,0,4450,0
219990,Grim Dawn,Crate Entertainment,Crate Entertainment,"10,000,000 .. 20,000,000",10000000,20000000,15000000.0,93489,6241,99730,0.9374210367993583,24.99,10-30,False,0,0,2376,0
255710,Cities: Skylines,Colossal Order,Paradox Interactive,"10,000,000 .. 20,000,000",10000000,20000000,15000000.0,256362,19408,275770,0.9296225115132175,29.99,10-30,False,0,0,8842,0
261550,Mount & Blade II: Bannerlord,TaleWorlds Entertainment,TaleWorlds Entertainment,"10,000,000 .. 20,000,000",10000000,20000000,15000000.0,232360,32031,264391,0.8788498852078929,49.99,30-60,False,0,0,14477,0
8930,Sid Meier's Civilization V,"Firaxis Games, Aspyr (Mac), Aspyr (Linux)","2K, Aspyr (Mac), Aspyr (Linux)","10,000,000 .. 20,000,000",10000000,20000000,15000000.0,195724,8541,204265,0.9581866692776541,29.99,10-30,False,0,0,12206,0
304050,Trove,gamigo US Inc.,gamigo US Inc.,"10,000,000 .. 20,000,000",10000000,20000000,15000000.0,74103,18267,92370,0.8022409873335499,0.0,Free,True,0,0,758,0
289070,Sid Meier’s Civilization VI,"Firaxis Games, Aspyr (Mac), Aspyr (Linux)","2K, Aspyr (Mac), Aspyr (Linux)","10,000,000 .. 20,000,000",10000000,20000000,15000000.0,304053,45867,349920,0.8689214677640603,59.99,30-60,False,0,0,25420,0
377160,Fallout 4,Bethesda Game Studios,Bethesda Softworks,"10,000,000 .. 20,000,000",10000000,20000000,15000000.0,326054,66233,392287,0.8311618789304769,19.99,10-30,False,0,0,11179,0
532210,Life is Strange 2,"DONTNOD Entertainment, Feral Interactive (Mac), Feral Interactive (Linux)","Square Enix, Feral Interactive (Mac), Feral Interactive (Linux)","10,000,000 .. 20,000,000",10000000,20000000,15000000.0,31616,5018,36634,0.8630234208658624,31.96,30-60,False,0,0,153,0
2186680,"Warhammer 40,000: Rogue Trader",Owlcat Games,Owlcat Games,"10,000,000 .. 20,000,000",10000000,20000000,15000000.0,26360,4445,30805,0.855705242655413,49.99,30-60,False,0,0,3582,0
1238810,Battlefield V,DICE,Electronic Arts,"10,000,000 .. 20,000,000",10000000,20000000,15000000.0,177352,72936,250288,0.7085917023588826,49.99,30-60,False,0,0,6327,0
3241660,R.E.P.O.,semiwork,semiwork,"10,000,000 .. 20,000,000",10000000,20000000,15000000.0,179154,6488,185642,0.9650510121631958,6.99,0-10,False,0,0,32349,30
221100,DayZ,Bohemia Interactive,Bohemia Interactive,"10,000,000 .. 20,000,000",10000000,20000000,15000000.0,330349,99903,430252,0.7678035197977,49.99,30-60,False,0,0,37066,0
526870,Satisfactory,Coffee Stain Studios,Coffee Stain Publishing,"10,000,000 .. 20,000,000",10000000,20000000,15000000.0,225479,6585,232064,0.9716242071152785,39.99,30-60,False,0,0,12596,0
1089350,NBA 2K20,Visual Concepts,2K,"5,000,000 .. 10,000,000",5000000,10000000,7500000.0,30260,30413,60673,0.49873914261697955,0.0,Free,True,0,0,221,0
632360,Risk of Rain 2,Hopoo Games,Gearbox Publishing,"5,000,000 .. 10,000,000",5000000,10000000,7500000.0,293127,20450,313577,0.9347847578106813,24.99,10-30,False,0,0,7902,0
1811260,EA SPORTS FIFA 23,EA Canada &amp; EA Romania,Electronic Arts,"5,000,000 .. 10,000,000",5000000,10000000,7500000.0,86192,65227,151419,0.5692284323631777,0.0,Free,True,0,0,1280,0
204360,Castle Crashers,The Behemoth,The Behemoth,"5,000,000 .. 10,000,000",5000000,10000000,7500000.0,120733,4865,125598,0.9612653067724009,14.99,10-30,False,0,0,443,0
218230,PlanetSide 2,Rogue Planet Games,Daybreak Game Company,"5,000,000 .. 10,000,000",5000000,10000000,7500000.0,59598,14096,73694,0.8087225554319212,0.0,Free,True,0,0,496,0
72850,The Elder Scrolls V: Skyrim,Bethesda Game Studios,Bethesda Softworks,"5,000,000 .. 10,000,000",5000000,10000000,7500000.0,300915,16364,317279,0.9484239423346644,19.99,10-30,False,0,0,1463,0
394360,Hearts of Iron IV,Paradox Development Studio,Paradox Interactive,"5,000,000 .. 10,000,000",5000000,10000000,7500000.0,305168,36982,342150,0.8919129036972089,9.99,0-10,False,0,0,32112,80
489830,The Elder Scrolls V: Skyrim Special Edition,Bethesda Game Studios,Bethesda Softworks,"5,000,000 .. 10,000,000",5000000,10000000,7500000.0,310162,26896,337058,0.9202036444766183,39.99,30-60,False,0,0,25085,0
322170,Geometry Dash,RobTop Games,RobTop Games,"5,000,000 .. 10,000,000",5000000,10000000,7500000.0,401026,28895,429921,0.9327899776935763,4.99,0-10,False,0,0,27850,0
1446780,MONSTER HUNTER RISE,"CAPCOM Co., Ltd.","CAPCOM Co., Ltd.","5,000,000 .. 10,000,000",5000000,10000000,7500000.0,92564,20108,112672,0.8215350752627094,7.99,0-10,False,0,0,3658,80
224260,No More Room in Hell,No More Room in Hell Team,Lever Games,"5,000,000 .. 10,000,000",5000000,10000000,7500000.0,66753,7500,74253,0.8989939800412104,0.0,Free,True,0,0,473,0
203160,Tomb Raider Game of the Year,"Crystal Dynamics, Eidos-Montréal, Feral Interactive (Mac), Nixxes","Crystal Dynamics, Feral Interactive (Mac)","5,000,000 .. 10,000,000",5000000,10000000,7500000.0,238239,9691,247930,0.9609123542935506,19.99,10-30,False,0,0,556,0
275850,No Man's Sky,Hello Games,Hello Games,"5,000,000 .. 10,000,000",5000000,10000000,7500000.0,293332,59526,352858,0.8313032437977883,59.99,30-60,False,0,0,12291,0
367520,Hollow Knight,Team Cherry,Team Cherry,"5,000,000 .. 10,000,000",5000000,10000000,7500000.0,403641,12305,415946,0.9704168329542777,14.99,10-30,False,0,0,4912,0
301520,Robocraft,Freejam,Freejam,"5,000,000 .. 10,000,000",5000000,10000000,7500000.0,86240,31815,118055,0.7305069670916099,0.0,Free,True,0,0,3,0
767560,War Robots,MY.GAMES,MY.GAMES,"5,000,000 .. 10,000,000",5000000,10000000,7500000.0,15951,10624,26575,0.6002257761053622,0.0,Free,True,0,0,1280,0
2050650,Resident Evil 4,"CAPCOM Co., Ltd.","CAPCOM Co., Ltd.","5,000,000 .. 10,000,000",5000000,10000000,7500000.0,177539,4169,181708,0.9770565962973562,9.99,0-10,False,0,0,3748,75
466240,Deceit,World Makers,World Makers,"5,000,000 .. 10,000,000",5000000,10000000,7500000.0,73606,19421,93027,0.7912326528857213,0.0,Free,True,0,0,155,0
284160,BeamNG.drive,BeamNG,BeamNG,"5,000,000 .. 10,000,000",5000000,10000000,7500000.0,313873,8405,322278,0.9739200317738101,24.99,10-30,False,0,0,15863,0
278360,A Story About My Uncle,Gone North Games,Coffee Stain Publishing,"5,000,000 .. 10,000,000",5000000,10000000,7500000.0,26479,2437,28916,0.915721399917001,14.99,10-30,False,0,0,8,0
264710,Subnautica,Unknown Worlds Entertainment,Unknown Worlds Entertainment,"5,000,000 .. 10,000,000",5000000,10000000,7500000.0,304449,9258,313707,0.9704883856592298,29.99,10-30,False,0,0,2719,0
80,Counter-Strike: Condition Zero,Valve,Valve,"5,000,000 .. 10,000,000",5000000,10000000,7500000.0,24271,2287,26558,0.9138865878454703,9.99,0-10,False,0,0,276,0
370910,Kathy Rain,Clifftop Games,Raw Fury,"5,000,000 .. 10,000,000",5000000,10000000,7500000.0,3478,300,3778,0.9205929062996294,9.99,0-10,False,0,0,10,0
40,Deathmatch Classic,Valve,Valve,"5,000,000 .. 10,000,000",5000000,10000000,7500000.0,2618,545,3163,0.8276952260512171,4.99,0-10,False,0,0,7,0
275390,Guacamelee! Super Turbo Championship Edition,Drinkbox Studios,"Drinkbox Studios, Kepler Ghost","5,000,000 .. 10,000,000",5000000,10000000,7500000.0,6234,499,6733,0.9258874201693154,14.99,10-30,False,0,0,5,0
2881650,Content Warning,"Zorro, Wilnyl, Philip, thePetHen, Skog",Evil Landfall?,"5,000,000 .. 10,000,000",5000000,10000000,7500000.0,137483,7608,145091,0.9475639426291086,4.95,0-10,False,0,0,722,38
311210,Call of Duty: Black Ops III,"Treyarch, Aspyr (Mac)","Activision, Aspyr (Mac)","5,000,000 .. 10,000,000",5000000,10000000,7500000.0,181306,33720,215026,0.84318175476454,59.99,30-60,False,0,0,5414,0
333930,Dirty Bomb,Splash Damage,Warchest Ltd.,"5,000,000 .. 10,000,000",5000000,10000000,7500000.0,46464,10703,57167,0.8127766018857033,0.0,Free,True,0,0,40,0
1172620,Sea of Thieves: 2026 Edition,Rare Ltd,Xbox Game Studios,"5,000,000 .. 10,000,000",5000000,10000000,7500000.0,317074,38164,355238,0.892567799616032,13.99,10-30,False,0,0,5437,65
22380,Fallout: New Vegas,Obsidian Entertainment,Bethesda Softworks,"5,000,000 .. 10,000,000",5000000,10000000,7500000.0,218763,8937,227700,0.9607509881422925,9.99,0-10,False,0,0,3892,0
250900,The Binding of Isaac: Rebirth,"Nicalis, Inc., Edmund McMillen","Nicalis, Inc.","5,000,000 .. 10,000,000",5000000,10000000,7500000.0,334165,9255,343420,0.973050492108788,14.99,10-30,False,0,0,14904,0
700330,SCP: Secret Laboratory,Northwood Studios,Northwood Studios,"5,000,000 .. 10,000,000",5000000,10000000,7500000.0,195923,18386,214309,0.9142079893984854,0.0,Free,True,0,0,4696,0
10180,Call of Duty: Modern Warfare 2 (2009),Infinity Ward,Activision,"5,000,000 .. 10,000,000",5000000,10000000,7500000.0,54145,3973,58118,0.9316390791149042,19.99,10-30,False,0,0,399,0
582660,Black Desert,Pearl Abyss,Pearl Abyss,"5,000,000 .. 10,000,000",5000000,10000000,7500000.0,64416,22503,86919,0.7411037862837815,0.99,0-10,False,0,0,14345,90
1229490,ULTRAKILL,"Arsi ""Hakita"" Patala",New Blood Interactive,"5,000,000 .. 10,000,000",5000000,10000000,7500000.0,165867,3884,169751,0.9771194278678771,29.99,10-30,False,0,0,3122,0
1046930,Dota Underlords,Valve,Valve,"5,000,000 .. 10,000,000",5000000,10000000,7500000.0,74753,16141,90894,0.8224195216405923,0.0,Free,True,0,0,1008,0
1426210,It Takes Two,Hazelight Studios,Electronic Arts,"5,000,000 .. 10,000,000",5000000,10000000,7500000.0,208042,10341,218383,0.9526474130312341,39.99,30-60,False,0,0,5018,0
2195250,EA SPORTS FC 24,"EA Canada, EA Romania",Electronic Arts,"5,000,000 .. 10,000,000",5000000,10000000,7500000.0,63281,46293,109574,0.577518389398945,69.99,60+,False,0,0,5110,0
2183900,"Warhammer 40,000: Space Marine 2",Saber Interactive,Focus Entertainment,"5,000,000 .. 10,000,000",5000000,10000000,7500000.0,134739,27846,162585,0.8287295876003321,59.99,30-60,False,0,0,6851,0
883710,Resident Evil 2,"CAPCOM Co., Ltd.","CAPCOM Co., Ltd.","5,000,000 .. 10,000,000",5000000,10000000,7500000.0,167647,5210,172857,0.9698594792227101,7.99,0-10,False,0,0,1123,80
219640,Chivalry: Medieval Warfare,Torn Banner Studios,Torn Banner Studios,"5,000,000 .. 10,000,000",5000000,10000000,7500000.0,54016,11428,65444,0.8253774219179757,24.99,10-30,False,0,0,32,0
306130,The Elder Scrolls Online,ZeniMax Online Studios,Bethesda Softworks,"5,000,000 .. 10,000,000",5000000,10000000,7500000.0,125497,28616,154113,0.8143180653157099,19.99,10-30,False,0,0,15987,0
244210,Assetto Corsa,Kunos Simulazioni,Kunos Simulazioni,"5,000,000 .. 10,000,000",5000000,10000000,7500000.0,140238,11153,151391,0.9263298346665257,4.99,0-10,False,0,0,8961,75
268500,XCOM 2,"Firaxis Games, Feral Interactive (Mac), Feral Interactive (Linux)","2K, Feral Interactive (Mac), Feral Interactive (Linux)","5,000,000 .. 10,000,000",5000000,10000000,7500000.0,86187,15514,101701,0.8474547939548284,19.99,10-30,False,0,0,3123,0
1794680,Vampire Survivors,poncle,poncle,"5,000,000 .. 10,000,000",5000000,10000000,7500000.0,246479,3855,250334,0.9846005736336255,3.74,0-10,False,0,0,2966,25
1818750,MultiVersus,Player First Games,Warner Bros. Games,"5,000,000 .. 10,000,000",5000000,10000000,7500000.0,90318,27894,118212,0.7640341082123643,0.0,Free,True,0,0,55,0
242050,Assassin’s Creed IV Black Flag,Ubisoft Montreal,Ubisoft,"5,000,000 .. 10,000,000",5000000,10000000,7500000.0,62942,8129,71071,0.8856214208326885,39.99,30-60,False,0,0,923,0
30,Day of Defeat,Valve,Valve,"5,000,000 .. 10,000,000",5000000,10000000,7500000.0,6414,688,7102,0.9031258800337933,4.99,0-10,False,0,0,87,0
236850,Europa Universalis IV,"Paradox Development Studio, Paradox Tinto",Paradox Interactive,"5,000,000 .. 10,000,000",5000000,10000000,7500000.0,116432,18004,134436,0.8660775387545003,49.99,30-60,False,0,0,12445,0
363970,Clicker Heroes,Playsaurus,Playsaurus,"5,000,000 .. 10,000,000",5000000,10000000,7500000.0,54989,6315,61304,0.8969887772412893,0.0,Free,True,0,0,2019,0
253710,theHunter Classic,"Expansive Worlds, Avalanche Studios","Expansive Worlds, Avalanche Studios","5,000,000 .. 10,000,000",5000000,10000000,7500000.0,24959,17994,42953,0.5810769911298396,0.0,Free,True,0,0,417,0
379720,DOOM,id Software,Bethesda Softworks,"5,000,000 .. 10,000,000",5000000,10000000,7500000.0,198001,9278,207279,0.9552390739052196,19.99,10-30,False,0,0,1590,0
273350,Evolve Stage 2,Turtle Rock Studios,2K,"5,000,000 .. 10,000,000",5000000,10000000,7500000.0,33844,14518,48362,0.6998056325214012,0.0,Free,True,0,0,9,0
1782210,Crab Game,Dani,Dani,"5,000,000 .. 10,000,000",5000000,10000000,7500000.0,139538,12895,152433,0.9154054568236537,0.0,Free,True,0,0,2921,0
844870,KurtzPel,KOG,KOG,"5,000,000 .. 10,000,000",5000000,10000000,7500000.0,20936,13480,34416,0.6083217108321711,0.0,Free,True,0,0,30,0
601150,Devil May Cry 5,"CAPCOM Co., Ltd.","CAPCOM Co., Ltd.","5,000,000 .. 10,000,000",5000000,10000000,7500000.0,140260,5873,146133,0.9598105835095426,29.99,10-30,False,0,0,2248,0
1286830,STAR WARS: The Old Republic,Broadsword,Electronic Arts,"5,000,000 .. 10,000,000",5000000,10000000,7500000.0,60864,7088,67952,0.8956910760536849,0.0,Free,True,0,0,6625,0
365670,Blender,Blender Foundation,Blender Foundation,"5,000,000 .. 10,000,000",5000000,10000000,7500000.0,70186,2695,72881,0.9630219124325956,0.0,Free,True,0,0,9640,0
319630,Life is Strange - Episode 1,"DONTNOD Entertainment, Feral Interactive (Mac), Feral Interactive (Linux)","Square Enix, Feral interactive (Mac), Feral Interactive (Linux)","5,000,000 .. 10,000,000",5000000,10000000,7500000.0,162769,6432,169201,0.9619860402716296,0.0,Free,True,0,0,294,0
1293830,Forza Horizon 4,Playground Games,Xbox Game Studios,"5,000,000 .. 10,000,000",5000000,10000000,7500000.0,263942,26975,290917,0.9072759584348801,0.0,Free,True,0,0,4864,0
1145360,Hades,Supergiant Games,Supergiant Games,"5,000,000 .. 10,000,000",5000000,10000000,7500000.0,274829,4912,279741,0.9824409006902813,24.99,10-30,False,0,0,2253,0
671860,BattleBit Remastered,"SgtOkiDoki, Vilaskis, TheLiquidHorse",SgtOkiDoki,"5,000,000 .. 10,000,000",5000000,10000000,7500000.0,120458,22666,143124,0.8416338280092787,14.99,10-30,False,0,0,568,0
427520,Factorio,Wube Software LTD.,Wube Software LTD.,"5,000,000 .. 10,000,000",5000000,10000000,7500000.0,208770,6439,215209,0.9700802475732893,35.0,30-60,False,0,0,16426,0
221380,Age of Empires II (Retired),"Skybox Labs, Hidden Path Entertainment, Ensemble Studios, Forgotten Empires",Xbox Game Studios,"5,000,000 .. 10,000,000",5000000,10000000,7500000.0,97083,4268,101351,0.9578889206815917,19.99,10-30,False,0,0,2278,0
231430,Company of Heroes 2,"Relic Entertainment, Feral Interactive (Mac), Feral Interactive (Linux)","Relic Entertainment, Feral Interactive (Mac), Feral Interactive (Linux)","5,000,000 .. 10,000,000",5000000,10000000,7500000.0,86713,23112,109825,0.7895561119963579,19.99,10-30,False,0,0,2330,0
813820,Realm Royale,Heroic Leap Games,Hi-Rez Studios,"5,000,000 .. 10,000,000",5000000,10000000,7500000.0,43223,13520,56743,0.7617327247413778,0.0,Free,True,0,0,2,0
594570,Total War: WARHAMMER II,"CREATIVE ASSEMBLY, Feral Interactive (Mac), Feral Interactive (Linux)","SEGA, Feral Interactive (Mac), Feral Interactive (Linux)","5,000,000 .. 10,000,000",5000000,10000000,7500000.0,114776,9476,124252,0.9237356340340598,59.99,30-60,False,0,0,1464,0
391540,Undertale,tobyfox,tobyfox,"5,000,000 .. 10,000,000",5000000,10000000,7500000.0,264082,8850,272932,0.96757434086146,2.49,0-10,False,0,0,3331,75
976730,Halo: The Master Chief Collection,"343 Industries, Splash Damage, Ruffian Games, Bungie, Saber Interactive",Xbox Game Studios,"5,000,000 .. 10,000,000",5000000,10000000,7500000.0,223635,18432,242067,0.9238557919914734,39.99,30-60,False,0,0,3362,0
646570,Slay the Spire,Mega Crit,Mega Crit,"5,000,000 .. 10,000,000",5000000,10000000,7500000.0,178250,4027,182277,0.9779072510519704,6.24,0-10,False,0,0,15038,75
588650,Dead Cells,Motion Twin,Motion Twin,"5,000,000 .. 10,000,000",5000000,10000000,7500000.0,163549,4915,168464,0.9708246272200589,24.99,10-30,False,0,0,2559,0
268910,Cuphead,Studio MDHR Entertainment Inc.,Studio MDHR Entertainment Inc.,"5,000,000 .. 10,000,000",5000000,10000000,7500000.0,179894,6941,186835,0.9628495731527819,11.99,10-30,False,0,0,2080,40
439700,Z1 Battle Royale: Test Server,Daybreak Game Company,Daybreak Game Company,"5,000,000 .. 10,000,000",5000000,10000000,7500000.0,1341,1224,2565,0.5228070175438596,0.0,Free,True,0,0,1,0
500,Left 4 Dead,Valve,Valve,"5,000,000 .. 10,000,000",5000000,10000000,7500000.0,59622,2272,61894,0.9632920800077552,9.99,0-10,False,0,0,774,0
1118200,People Playground,mestiez,Studio Minus,"5,000,000 .. 10,000,000",5000000,10000000,7500000.0,277746,4017,281763,0.9857433374857593,9.99,0-10,False,0,0,4505,0
620,Portal 2,Valve,Valve,"5,000,000 .. 10,000,000",5000000,10000000,7500000.0,427835,5675,433510,0.9869091831791654,9.99,0-10,False,0,0,1959,0
1551360,Forza Horizon 5,Playground Games,Xbox Game Studios,"5,000,000 .. 10,000,000",5000000,10000000,7500000.0,199950,25679,225629,0.8861892753147866,29.99,10-30,False,0,0,10009,50
1049590,Eternal Return,Nimble Neuron,"Nimble Neuron, SapStaR Games","5,000,000 .. 10,000,000",5000000,10000000,7500000.0,51694,13352,65046,0.7947298834670848,0.0,Free,True,0,0,12341,0
380,Half-Life 2: Episode One,Valve,Valve,"5,000,000 .. 10,000,000",5000000,10000000,7500000.0,30478,1344,31822,0.957765068191817,19.99,10-30,False,0,0,18,0
360,Half-Life Deathmatch: Source,Valve,Valve,"5,000,000 .. 10,000,000",5000000,10000000,7500000.0,3657,1242,4899,0.7464788732394366,9.99,0-10,False,0,0,43,0
779340,Total War: THREE KINGDOMS,"CREATIVE ASSEMBLY, Feral Interactive (Mac), Feral Interactive (Linux)","SEGA, Feral Interactive (Mac), Feral Interactive (Linux)","5,000,000 .. 10,000,000",5000000,10000000,7500000.0,74951,28794,103745,0.7224540941732132,39.99,30-60,False,0,0,4507,0
233450,Prison Architect,"Introversion Software, Double Eleven",Paradox Interactive,"5,000,000 .. 10,000,000",5000000,10000000,7500000.0,64439,7891,72330,0.8909028065809484,29.99,10-30,False,0,0,781,0
782330,DOOM Eternal,id Software,Bethesda Softworks,"5,000,000 .. 10,000,000",5000000,10000000,7500000.0,187807,18219,206026,0.9115694135691612,39.99,30-60,False,0,0,2262,0
223710,Cry of Fear,Team Psykskallar,Team Psykskallar,"5,000,000 .. 10,000,000",5000000,10000000,7500000.0,65852,8556,74408,0.8850123642619073,0.0,Free,True,0,0,405,0
513710,SCUM,Gamepires,Gamepires,"5,000,000 .. 10,000,000",5000000,10000000,7500000.0,83704,28411,112115,0.7465905543415243,17.99,10-30,False,0,0,8535,60
677620,Splitgate: Arena Warfare,1047 Games,1047 Games,"5,000,000 .. 10,000,000",5000000,10000000,7500000.0,102336,9404,111740,0.9158403436549132,0.0,Free,True,0,0,185,0
1677740,Stumble Guys,Scopely,Scopely,"5,000,000 .. 10,000,000",5000000,10000000,7500000.0,108841,19170,128011,0.8502472443774363,0.0,Free,True,0,0,2928,0
109600,Neverwinter,Cryptic Studios,Arc Games,"5,000,000 .. 10,000,000",5000000,10000000,7500000.0,29947,8638,38585,0.7761306207075288,0.0,Free,True,0,0,665,0
420,Half-Life 2: Episode Two,Valve,Valve,"5,000,000 .. 10,000,000",5000000,10000000,7500000.0,40556,1226,41782,0.9706572208127902,19.99,10-30,False,0,0,20,0
397900,Business Tour - Board Game with Online Multiplayer,8Floor,8Floor,"5,000,000 .. 10,000,000",5000000,10000000,7500000.0,46567,30205,76772,0.6065622883342885,0.0,Free,True,0,0,809,0
698780,Doki Doki Literature Club!,Team Salvato,Team Salvato,"5,000,000 .. 10,000,000",5000000,10000000,7500000.0,203247,7470,210717,0.9645496091914748,0.0,Free,True,0,0,427,0
435150,Divinity: Original Sin 2 - Definitive Edition,Larian Studios,Larian Studios,"5,000,000 .. 10,000,000",5000000,10000000,7500000.0,182166,7958,190124,0.958143106604111,44.99,30-60,False,0,0,3510,0
1100600,Football Manager 2020,Sports Interactive,SEGA,"5,000,000 .. 10,000,000",5000000,10000000,7500000.0,28341,3401,31742,0.8928548925713565,0.0,Free,True,0,0,1012,0
1604030,V Rising,Stunlock Studios,Stunlock Studios,"5,000,000 .. 10,000,000",5000000,10000000,7500000.0,106197,13243,119440,0.8891242464835901,34.99,30-60,False,0,0,10961,0
534380,Dying Light 2 Stay Human: Reloaded Edition,Techland,Techland,"5,000,000 .. 10,000,000",5000000,10000000,7500000.0,154122,40708,194830,0.7910588718369861,11.99,10-30,False,0,0,4223,80
766570,Russian Fishing 4,FishSoft LLC,FishSoft LLC,"5,000,000 .. 10,000,000",5000000,10000000,7500000.0,39598,33887,73485,0.5388582703953188,0.0,Free,True,0,0,14950,0
548430,Deep Rock Galactic,Ghost Ship Games,Coffee Stain Publishing,"5,000,000 .. 10,000,000",5000000,10000000,7500000.0,333587,9413,343000,0.9725568513119534,29.99,10-30,False,0,0,5216,0
294100,RimWorld,Ludeon Studios,Ludeon Studios,"5,000,000 .. 10,000,000",5000000,10000000,7500000.0,206216,4301,210517,0.979569345943558,34.99,30-60,False,0,0,19211,0
273110,Counter-Strike Nexon: Studio,"Valve, NEXON",NEXON,"5,000,000 .. 10,000,000",5000000,10000000,7500000.0,28373,14329,42702,0.6644419465130439,0.0,Free,True,0,0,369,0
868270,The Cycle: Frontier,YAGER,YAGER,"5,000,000 .. 10,000,000",5000000,10000000,7500000.0,28893,16529,45422,0.6361014486372243,0.0,Free,True,0,0,2,0
863550,HITMAN 2,IO Interactive A/S,IO Interactive A/S,"5,000,000 .. 10,000,000",5000000,10000000,7500000.0,68165,6778,74943,0.9095579306939942,0.0,Free,True,0,0,187,0
1237970,Titanfall 2,Respawn Entertainment,Electronic Arts,"5,000,000 .. 10,000,000",5000000,10000000,7500000.0,244524,11664,256188,0.9544709354068106,29.99,10-30,False,0,0,1173,0
555570,Infestation: The New Z,Fredaikis AB,OP Productions LLC,"5,000,000 .. 10,000,000",5000000,10000000,7500000.0,18200,15615,33815,0.5382226822416087,0.0,Free,True,0,0,70,0
10190,Call of Duty: Modern Warfare 2 (2009),Infinity Ward,Activision,"5,000,000 .. 10,000,000",5000000,10000000,7500000.0,31945,2927,34872,0.9160644643266804,19.99,10-30,False,0,0,190,0
424840,Little Nightmares,Tarsier Studios,BANDAI NAMCO Entertainment,"5,000,000 .. 10,000,000",5000000,10000000,7500000.0,104472,5724,110196,0.9480561907873244,19.99,10-30,False,0,0,222,0
2669320,EA SPORTS FC 25,"EA Canada, EA Romania",Electronic Arts,"5,000,000 .. 10,000,000",5000000,10000000,7500000.0,37253,37543,74796,0.4980613936574148,69.99,60+,False,0,0,42032,0
518790,theHunter: Call of the Wild,Expansive Worlds,Avalanche Studios,"5,000,000 .. 10,000,000",5000000,10000000,7500000.0,157641,19969,177610,0.8875682675525026,19.99,10-30,False,0,0,2207,0
365590,Tom Clancy’s The Division,Massive Entertainment,Ubisoft,"5,000,000 .. 10,000,000",5000000,10000000,7500000.0,65652,27546,93198,0.7044357175046675,29.99,10-30,False,0,0,774,0
223470,POSTAL 2,Running With Scissors,Running With Scissors,"5,000,000 .. 10,000,000",5000000,10000000,7500000.0,112414,3644,116058,0.96860190594358,0.99,0-10,False,0,0,320,90
241930,Middle-earth: Shadow of Mordor,Monolith Productions,"Warner Bros. Interactive Entertainment, Warner Bros. Games","5,000,000 .. 10,000,000",5000000,10000000,7500000.0,83849,6866,90715,0.9243124069889214,3.99,0-10,False,0,0,441,80
346900,AdVenture Capitalist,Hyper Hippo Games,Hyper Hippo Games,"5,000,000 .. 10,000,000",5000000,10000000,7500000.0,51968,7198,59166,0.8783422911807457,0.0,Free,True,0,0,1109,0
3240220,Grand Theft Auto V Enhanced,Rockstar North,Rockstar Games,"5,000,000 .. 10,000,000",5000000,10000000,7500000.0,38595,17286,55881,0.6906640897621732,29.99,10-30,False,0,0,39502,0
440900,Conan Exiles Enhanced,"Funcom, Inflexion Games",Funcom,"5,000,000 .. 10,000,000",5000000,10000000,7500000.0,84575,22890,107465,0.7870004187409855,39.99,30-60,False,0,0,5677,0
374320,DARK SOULS III,"FromSoftware, Inc.","FromSoftware, Inc., Bandai Namco Entertainment","5,000,000 .. 10,000,000",5000000,10000000,7500000.0,390326,23449,413775,0.9433291039816325,59.99,30-60,False,0,0,4381,0
1868140,DAVE THE DIVER,MINTROCKET,MINTROCKET,"5,000,000 .. 10,000,000",5000000,10000000,7500000.0,125422,3909,129331,0.9697752279035962,19.99,10-30,False,0,0,3367,0
304390,FOR HONOR,"Ubisoft Montreal, Ubisoft Quebec, Ubisoft Toronto, Blue Byte",Ubisoft,"5,000,000 .. 10,000,000",5000000,10000000,7500000.0,104468,45788,150256,0.6952667447556171,29.99,10-30,False,0,0,2146,0
208090,Loadout,Edge of Reality,Edge of Reality,"5,000,000 .. 10,000,000",5000000,10000000,7500000.0,34218,5094,39312,0.8704212454212454,0.0,Free,True,0,0,1,0
48700,Mount & Blade: Warband,TaleWorlds Entertainment,TaleWorlds Entertainment,"5,000,000 .. 10,000,000",5000000,10000000,7500000.0,162632,3773,166405,0.9773264024518494,19.99,10-30,False,0,0,3055,0
2630,Call of Duty 2,Infinity Ward,Activision,"5,000,000 .. 10,000,000",5000000,10000000,7500000.0,9804,670,10474,0.9360320794347909,19.99,10-30,False,0,0,162,0
12210,Grand Theft Auto IV: The Complete Edition,"Rockstar North, Rockstar Toronto",Rockstar Games,"5,000,000 .. 10,000,000",5000000,10000000,7500000.0,144493,30691,175184,0.82480706000548,19.99,10-30,False,0,0,2122,0
1144200,Ready or Not,VOID Interactive,VOID Interactive,"5,000,000 .. 10,000,000",5000000,10000000,7500000.0,210654,25542,236196,0.8918609967992684,49.99,30-60,False,0,0,4296,0
113400,APB Reloaded,Little Orbit,Little Orbit,"5,000,000 .. 10,000,000",5000000,10000000,7500000.0,23693,13599,37292,0.6353373377668132,0.0,Free,True,0,0,111,0
1332010,Stray,BlueTwelve Studio,Annapurna Interactive,"5,000,000 .. 10,000,000",5000000,10000000,7500000.0,152312,4295,156607,0.9725746614136022,29.99,10-30,False,0,0,498,0
206420,Saints Row IV: Re-Elected,Deep Silver Volition,Deep Silver,"5,000,000 .. 10,000,000",5000000,10000000,7500000.0,67768,9376,77144,0.8784610598361505,19.99,10-30,False,0,0,117,0
380600,Fishing Planet,Fishing Planet LLC,Fishing Planet LLC,"5,000,000 .. 10,000,000",5000000,10000000,7500000.0,57004,8695,65699,0.867653997777744,0.0,Free,True,0,0,2781,0
225540,Just Cause 3,Avalanche Studios,Square Enix,"5,000,000 .. 10,000,000",5000000,10000000,7500000.0,102532,19629,122161,0.8393186041371633,2.99,0-10,False,0,0,639,85
285800,Braveland,Tortuga Team,Tortuga Team,"5,000,000 .. 10,000,000",5000000,10000000,7500000.0,2555,577,3132,0.815772669220945,9.99,0-10,False,0,0,1,0
286690,Metro 2033 Redux,4A Games,Deep Silver,"5,000,000 .. 10,000,000",5000000,10000000,7500000.0,101543,9424,110967,0.9150738507844675,19.99,10-30,False,0,0,1208,0
223750,DCS World Steam Edition,Eagle Dynamics SA,Eagle Dynamics SA,"5,000,000 .. 10,000,000",5000000,10000000,7500000.0,31661,5528,37189,0.8513538949689424,0.0,Free,True,0,0,636,0
1593500,God of War,"Santa Monica Studio, Jetpack Interactive",PlayStation Publishing LLC,"5,000,000 .. 10,000,000",5000000,10000000,7500000.0,151706,6311,158017,0.9600612592316017,49.99,30-60,False,0,0,1380,0
386180,Crossout,Targem Games,Gaijin Network Ltd,"5,000,000 .. 10,000,000",5000000,10000000,7500000.0,48219,15920,64139,0.7517890830851743,0.0,Free,True,0,0,2231,0
1238840,Battlefield 1,DICE,Electronic Arts,"5,000,000 .. 10,000,000",5000000,10000000,7500000.0,166775,26046,192821,0.8649213519274352,39.99,30-60,False,0,0,6308,0
812140,Assassin's Creed Odyssey,"Ubisoft Quebec, Ubisoft Montreal, Ubisoft Bucharest, Ubisoft Singapore, Ubisoft Montpellier, Ubisoft Kiev, Ubisoft Shanghai",Ubisoft,"5,000,000 .. 10,000,000",5000000,10000000,7500000.0,153091,19102,172193,0.8890663383528947,11.99,10-30,False,0,0,2629,80
1721470,Poppy Playtime,Mob Entertainment,Mob Entertainment,"5,000,000 .. 10,000,000",5000000,10000000,7500000.0,84113,14801,98914,0.8503649635036497,0.0,Free,True,0,0,588,0
960090,Bloons TD 6,Ninja Kiwi,Ninja Kiwi,"2,000,000 .. 5,000,000",2000000,5000000,3500000.0,344269,9691,353960,0.9726212001356085,13.99,10-30,False,0,0,7489,0
55230,Saints Row: The Third,Volition,Deep Silver,"2,000,000 .. 5,000,000",2000000,5000000,3500000.0,65644,2956,68600,0.9569096209912537,9.99,0-10,False,0,0,163,0
262060,Darkest Dungeon,Red Hook Studios,Red Hook Studios,"2,000,000 .. 5,000,000",2000000,5000000,3500000.0,137026,12430,149456,0.9168317096670592,24.99,10-30,False,0,0,3848,0
761890,Albion Online,Sandbox Interactive GmbH,Sandbox Interactive GmbH,"2,000,000 .. 5,000,000",2000000,5000000,3500000.0,65583,17491,83074,0.7894527770421552,0.0,Free,True,0,0,8184,0
2001120,Split Fiction,Hazelight Studios,Electronic Arts,"2,000,000 .. 5,000,000",2000000,5000000,3500000.0,79546,2012,81558,0.9753304396870939,49.99,30-60,False,0,0,5476,0
281990,Stellaris,Paradox Development Studio,Paradox Interactive,"2,000,000 .. 5,000,000",2000000,5000000,3500000.0,159527,25906,185433,0.8602945538280673,49.99,30-60,False,0,0,13727,0
252130,Divide By Sheep,"Victor Solodilov, Denis Novikov",tinyBuild,"2,000,000 .. 5,000,000",2000000,5000000,3500000.0,2376,246,2622,0.9061784897025171,4.99,0-10,False,0,0,0,0
211820,Starbound,Chucklefish,Chucklefish,"2,000,000 .. 5,000,000",2000000,5000000,3500000.0,152150,12756,164906,0.9226468412307618,14.99,10-30,False,0,0,894,0
8190,Just Cause 2,Avalanche Studios,Square Enix,"2,000,000 .. 5,000,000",2000000,5000000,3500000.0,46001,4738,50739,0.9066201541220757,1.49,0-10,False,0,0,90,90
6060,"STAR WARS Battlefront II (Classic, 2005)",Pandemic Studios,"Lucasfilm, LucasArts, Disney","2,000,000 .. 5,000,000",2000000,5000000,3500000.0,50396,2891,53287,0.9457466173738436,9.99,0-10,False,0,0,323,0
508440,Totally Accurate Battle Simulator,Landfall,Landfall,"2,000,000 .. 5,000,000",2000000,5000000,3500000.0,132974,2969,135943,0.9781599641026019,6.79,0-10,False,0,0,1299,66
115300,Call of Duty: Modern Warfare 3 (2011),"Infinity Ward, Sledgehammer Games",Activision,"2,000,000 .. 5,000,000",2000000,5000000,3500000.0,33647,4306,37953,0.8865438832239876,39.99,30-60,False,0,0,0,0
42910,Magicka,Arrowhead Game Studios,Paradox Interactive,"2,000,000 .. 5,000,000",2000000,5000000,3500000.0,26997,4365,31362,0.8608188253300172,9.99,0-10,False,0,0,18,0
39210,FINAL FANTASY XIV Online,Square Enix,Square Enix,"2,000,000 .. 5,000,000",2000000,5000000,3500000.0,70254,9782,80036,0.8777799990004498,19.99,10-30,False,0,0,19824,0
1222680,Need for Speed Heat,Ghost Games,Electronic Arts,"2,000,000 .. 5,000,000",2000000,5000000,3500000.0,111482,21373,132855,0.8391253622370253,69.99,60+,False,0,0,1385,0
351940,The Descendant,Gaming Corps AB,"Microids Indie, Microids","2,000,000 .. 5,000,000",2000000,5000000,3500000.0,6312,811,7123,0.8861434788712621,14.99,10-30,False,0,0,15,0
1250,Killing Floor,Tripwire Interactive,Tripwire Interactive,"2,000,000 .. 5,000,000",2000000,5000000,3500000.0,64024,3448,67472,0.9488973203699312,19.99,10-30,False,0,0,224,0
2623190,The Elder Scrolls IV: Oblivion Remastered,"Bethesda Game Studios, Virtuos",Bethesda Softworks,"2,000,000 .. 5,000,000",2000000,5000000,3500000.0,42316,10242,52558,0.8051295711404544,49.99,30-60,False,0,0,14420,0
323190,Frostpunk,11 bit studios,11 bit studios,"2,000,000 .. 5,000,000",2000000,5000000,3500000.0,114315,9231,123546,0.9252828905832645,29.99,10-30,False,0,0,1699,0
1716740,Starfield,Bethesda Game Studios,Bethesda Softworks,"2,000,000 .. 5,000,000",2000000,5000000,3500000.0,93942,71585,165527,0.5675327892126361,49.99,30-60,False,0,0,3725,0
813780,Age of Empires II: Definitive Edition,"World's Edge, Forgotten Empires, CaptureAge, Tantalus Media, Wicked Witch, Feral Interactive",Xbox Game Studios,"2,000,000 .. 5,000,000",2000000,5000000,3500000.0,154061,8401,162462,0.9482894461474067,12.24,10-30,False,0,0,13465,65
630,Alien Swarm,Valve,Valve,"2,000,000 .. 5,000,000",2000000,5000000,3500000.0,20179,1095,21274,0.9485287205039015,0.0,Free,True,0,0,23,0
57300,Amnesia: The Dark Descent,Frictional Games,Frictional Games,"2,000,000 .. 5,000,000",2000000,5000000,3500000.0,32258,1850,34108,0.9457605253899378,19.99,10-30,False,0,0,60,0
395170,DISTRAINT: Deluxe Edition,Jesse Makkonen,Jesse Makkonen,"2,000,000 .. 5,000,000",2000000,5000000,3500000.0,11408,834,12242,0.9318738768175134,4.99,0-10,False,0,0,3,0
20920,The Witcher 2: Assassins of Kings Enhanced Edition,CD PROJEKT RED,"CD PROJEKT RED, 1C-SoftClub","2,000,000 .. 5,000,000",2000000,5000000,3500000.0,77950,9114,87064,0.8953183864743177,19.99,10-30,False,0,0,479,0
212680,FTL: Faster Than Light,Subset Games,Subset Games,"2,000,000 .. 5,000,000",2000000,5000000,3500000.0,71561,3491,75052,0.953485583328892,9.99,0-10,False,0,0,1566,0
504370,Battlerite,Stunlock Studios,Stunlock Studios,"2,000,000 .. 5,000,000",2000000,5000000,3500000.0,50196,9152,59348,0.8457909280851924,0.0,Free,True,0,0,103,0
286160,Tabletop Simulator,Berserk Games,Berserk Games,"2,000,000 .. 5,000,000",2000000,5000000,3500000.0,66735,3925,70660,0.9444523068213982,19.99,10-30,False,0,0,5021,0
311690,Enter the Gungeon,Dodge Roll,Devolver Digital,"2,000,000 .. 5,000,000",2000000,5000000,3500000.0,81669,3893,85562,0.9545008298076249,2.99,0-10,False,0,0,1165,80
355840,Survarium,Vostok Games,Vostok Games,"2,000,000 .. 5,000,000",2000000,5000000,3500000.0,13832,11623,25455,0.5433902966018463,0.0,Free,True,0,0,0,0
1145350,Hades II,Supergiant Games,Supergiant Games,"2,000,000 .. 5,000,000",2000000,5000000,3500000.0,60844,3288,64132,0.9487307428428865,29.99,10-30,False,0,0,1838,0
1366800,Crosshair X,CenterPoint Gaming,CenterPoint Gaming,"2,000,000 .. 5,000,000",2000000,5000000,3500000.0,29275,2077,31352,0.9337522327124267,1.99,0-10,False,0,0,41428,0
1196590,Resident Evil Village,"CAPCOM Co., Ltd.","CAPCOM Co., Ltd.","2,000,000 .. 5,000,000",2000000,5000000,3500000.0,114131,5219,119350,0.9562714704650188,9.99,0-10,False,0,0,1284,75
613100,House Flipper,Empyrean,"Frozen District, PlayWay S.A.","2,000,000 .. 5,000,000",2000000,5000000,3500000.0,89596,5548,95144,0.9416883881274699,24.99,10-30,False,0,0,1311,0
1172380,STAR WARS Jedi: Fallen Order,Respawn Entertainment,Electronic Arts,"2,000,000 .. 5,000,000",2000000,5000000,3500000.0,140485,18094,158579,0.8858991417526911,39.99,30-60,False,0,0,1354,0
202970,Call of Duty: Black Ops II,Treyarch,Activision,"2,000,000 .. 5,000,000",2000000,5000000,3500000.0,40563,6454,47017,0.8627305017334156,59.99,30-60,False,0,0,238,0
304430,INSIDE,Playdead,Playdead,"2,000,000 .. 5,000,000",2000000,5000000,3500000.0,65954,2092,68046,0.9692560914675367,2.49,0-10,False,0,0,129,90
3590,Plants vs. Zombies GOTY Edition,"PopCap Games, Inc.","PopCap Games, Inc., Electronic Arts","2,000,000 .. 5,000,000",2000000,5000000,3500000.0,136574,3351,139925,0.9760514561372163,4.99,0-10,False,0,0,2656,0
1260320,Party Animals,Recreate Games,Source Technology,"2,000,000 .. 5,000,000",2000000,5000000,3500000.0,50198,13834,64032,0.7839517741129435,19.99,10-30,False,0,0,3070,0
33930,Arma 2: Operation Arrowhead,Bohemia Interactive,Bohemia Interactive,"2,000,000 .. 5,000,000",2000000,5000000,3500000.0,20414,1676,22090,0.9241285649615211,19.99,10-30,False,0,0,113,0
212500,The Lord of the Rings Online,Standing Stone Games,Daybreak Game Company LLC,"2,000,000 .. 5,000,000",2000000,5000000,3500000.0,17099,3896,20995,0.8144320076208621,0.0,Free,True,0,0,793,0
457140,Oxygen Not Included,Klei Entertainment,Klei Entertainment,"2,000,000 .. 5,000,000",2000000,5000000,3500000.0,124220,4170,128390,0.9675208349559935,7.49,0-10,False,0,0,7545,70
620980,Beat Saber,Beat Games,Beat Games,"2,000,000 .. 5,000,000",2000000,5000000,3500000.0,71341,3271,74612,0.9561598670455155,29.99,10-30,False,0,0,423,0
1222140,Detroit: Become Human,Quantic Dream,Quantic Dream,"2,000,000 .. 5,000,000",2000000,5000000,3500000.0,162047,7152,169199,0.9577302466326633,39.99,30-60,False,0,0,2344,0
1817070,Marvel’s Spider-Man Remastered,"Insomniac Games, Nixxes Software",PlayStation Publishing LLC,"2,000,000 .. 5,000,000",2000000,5000000,3500000.0,107786,4606,112392,0.9590184354758345,59.99,30-60,False,0,0,1190,0
205100,Dishonored,Arkane Studios,Bethesda Softworks,"2,000,000 .. 5,000,000",2000000,5000000,3500000.0,80427,1943,82370,0.9764113147990773,9.99,0-10,False,0,0,288,0
24240,PAYDAY The Heist,OVERKILL - a Starbreeze Studio.,Starbreeze Entertainment,"2,000,000 .. 5,000,000",2000000,5000000,3500000.0,37570,2653,40223,0.934042711881262,9.99,0-10,False,0,0,38,0
1506830,FIFA 22,EA Canada &amp; EA Romania,Electronic Arts,"2,000,000 .. 5,000,000",2000000,5000000,3500000.0,97293,23578,120871,0.8049325313764261,0.0,Free,True,0,0,1319,0
871720,Ultimate Custom Night,Scott Cawthon,Scott Cawthon,"2,000,000 .. 5,000,000",2000000,5000000,3500000.0,55394,2879,58273,0.9505946150018019,0.0,Free,True,0,0,200,0
962130,Grounded,Obsidian Entertainment,Xbox Game Studios,"2,000,000 .. 5,000,000",2000000,5000000,3500000.0,75482,9035,84517,0.8930984299016765,19.99,10-30,False,0,0,2394,50
356190,Middle-earth: Shadow of War,Monolith Productions,WB Games,"2,000,000 .. 5,000,000",2000000,5000000,3500000.0,95053,12165,107218,0.8865395735790632,4.99,0-10,False,0,0,1405,90
274190,Broforce,Free Lives,Devolver Digital,"2,000,000 .. 5,000,000",2000000,5000000,3500000.0,57080,1800,58880,0.9694293478260869,14.99,10-30,False,0,0,283,0
234140,Mad Max,Avalanche Studios,"Warner Bros. Games, Warner Bros. Interactive Entertainment","2,000,000 .. 5,000,000",2000000,5000000,3500000.0,76230,6430,82660,0.922211468666828,19.99,10-30,False,0,0,563,0
8500,EVE Online,CCP,CCP,"2,000,000 .. 5,000,000",2000000,5000000,3500000.0,26813,9575,36388,0.7368638012531604,0.0,Free,True,0,0,3705,0
552520,Far Cry 5,"Ubisoft Montreal, Red Storm, Ubisoft Shanghai, Ubisoft Toronto, Ubisoft Kiev",Ubisoft,"2,000,000 .. 5,000,000",2000000,5000000,3500000.0,140377,33100,173477,0.8091966081958991,59.99,30-60,False,0,0,1297,0
7670,BioShock,"2K Boston, 2K Australia",2K,"2,000,000 .. 5,000,000",2000000,5000000,3500000.0,29127,1804,30931,0.9416766350910091,19.99,10-30,False,0,0,44,0
760160,Vampire: The Masquerade - Bloodhunt,Sharkmob AB,Sharkmob AB,"2,000,000 .. 5,000,000",2000000,5000000,3500000.0,43433,13651,57084,0.7608611870226333,0.0,Free,True,0,0,362,0
270880,American Truck Simulator,SCS Software,SCS Software,"2,000,000 .. 5,000,000",2000000,5000000,3500000.0,169735,5552,175287,0.9683262306959444,19.99,10-30,False,0,0,6742,0
1203620,Enshrouded,Keen Games GmbH,Keen Games GmbH,"2,000,000 .. 5,000,000",2000000,5000000,3500000.0,67486,10594,78080,0.8643186475409836,29.99,10-30,False,0,0,10654,0
601510,Yu-Gi-Oh! Duel Links,KONAMI,KONAMI,"2,000,000 .. 5,000,000",2000000,5000000,3500000.0,36345,7285,43630,0.8330277332110932,0.0,Free,True,0,0,1856,0
397540,Borderlands 3,Gearbox Software,2K,"2,000,000 .. 5,000,000",2000000,5000000,3500000.0,125248,23817,149065,0.8402240633280783,59.99,30-60,False,0,0,3164,0
12120,Grand Theft Auto: San Andreas,Rockstar Games,Rockstar Games,"2,000,000 .. 5,000,000",2000000,5000000,3500000.0,76056,6573,82629,0.920451657408416,0.0,Free,True,0,0,363,0
236870,HITMAN,"IO Interactive A/S, Feral Interactive (Linux), Feral Interactive (Mac)","IO Interactive A/S, Feral Interactive (Linux), Feral Interactive (Mac)","2,000,000 .. 5,000,000",2000000,5000000,3500000.0,30973,6227,37200,0.8326075268817205,0.0,Free,True,0,0,46,0
674940,Stick Fight: The Game,Landfall West,Landfall,"2,000,000 .. 5,000,000",2000000,5000000,3500000.0,114720,7938,122658,0.935283471114807,1.99,0-10,False,0,0,265,60
884660,CRSED: F.O.A.D.,"Darkflow Software, Matter Team",Gaijin Network Ltd,"2,000,000 .. 5,000,000",2000000,5000000,3500000.0,30411,8179,38590,0.7880538999740866,0.0,Free,True,0,0,96,0
701160,Kingdom Two Crowns,Stumpy,Raw Fury,"2,000,000 .. 5,000,000",2000000,5000000,3500000.0,6244,819,7063,0.8840436075322101,19.99,10-30,False,0,0,1305,0
1832640,Mirror 2: Project X,KAGAMI Ⅱ WORKs,NIJICO,"2,000,000 .. 5,000,000",2000000,5000000,3500000.0,28726,87986,116712,0.2461272191377065,0.79,0-10,False,0,0,11,60
208650,Batman: Arkham Knight,Rocksteady Studios,WB Games,"2,000,000 .. 5,000,000",2000000,5000000,3500000.0,124147,15901,140048,0.8864603564492174,19.99,10-30,False,0,0,1587,0
48000,LIMBO,Playdead,Playdead,"2,000,000 .. 5,000,000",2000000,5000000,3500000.0,53043,4241,57284,0.9259653655470986,1.24,0-10,False,0,0,82,90
2379780,Balatro,LocalThunk,Playstack,"2,000,000 .. 5,000,000",2000000,5000000,3500000.0,150524,3042,153566,0.980190927679304,14.99,10-30,False,0,0,17123,0
298110,Far Cry 4,"Ubisoft Montreal, Red Storm, Shanghai, Toronto, Kiev",Ubisoft,"2,000,000 .. 5,000,000",2000000,5000000,3500000.0,51618,9649,61267,0.8425090179052345,29.99,10-30,False,0,0,558,0
42710,Call of Duty: Black Ops,Treyarch,Activision,"2,000,000 .. 5,000,000",2000000,5000000,3500000.0,15124,2010,17134,0.8826893895179176,39.99,30-60,False,0,0,213,0
200710,Torchlight II,Runic Games,XD,"2,000,000 .. 5,000,000",2000000,5000000,3500000.0,41131,3210,44341,0.9276065041383821,19.99,10-30,False,0,0,268,0
203770,Crusader Kings II,Paradox Development Studio,Paradox Interactive,"2,000,000 .. 5,000,000",2000000,5000000,3500000.0,66359,7450,73809,0.8990637998076115,0.0,Free,True,0,0,1373,0
1903340,Clair Obscur: Expedition 33,Sandfall Interactive,Kepler Interactive,"2,000,000 .. 5,000,000",2000000,5000000,3500000.0,106216,4816,111032,0.9566251170833634,49.99,30-60,False,0,0,27880,0
244850,Space Engineers,Keen Software House,Keen Software House,"2,000,000 .. 5,000,000",2000000,5000000,3500000.0,117204,15143,132347,0.8855810860843086,19.99,10-30,False,0,0,4201,0
1366540,Dyson Sphere Program,Youthcat Studio,Gamirror Games,"2,000,000 .. 5,000,000",2000000,5000000,3500000.0,83095,1993,85088,0.9765771906731854,19.99,10-30,False,0,0,2703,0
2709570,Supermarket Together,DeadDevsTellNoLies,DeadDevsTellNoLies,"2,000,000 .. 5,000,000",2000000,5000000,3500000.0,63994,3441,67435,0.9489730851931489,0.0,Free,True,0,0,4704,0
201270,Total War: SHOGUN 2,"CREATIVE ASSEMBLY, Feral Interactive (Mac), Feral Interactive (Linux)","SEGA, Feral Interactive (Mac), Feral Interactive (Linux)","2,000,000 .. 5,000,000",2000000,5000000,3500000.0,58839,5437,64276,0.9154116622067334,29.99,10-30,False,0,0,0,0
389730,TEKKEN 7,BANDAI NAMCO Studios Inc.,BANDAI NAMCO Entertainment,"2,000,000 .. 5,000,000",2000000,5000000,3500000.0,77227,15580,92807,0.8321247319706487,39.99,30-60,False,0,0,599,0
10090,Call of Duty: World at War,Treyarch,Activision,"2,000,000 .. 5,000,000",2000000,5000000,3500000.0,46665,3884,50549,0.9231636629804744,19.99,10-30,False,0,0,433,0
1259420,Days Gone,Bend Studio,PlayStation Publishing LLC,"2,000,000 .. 5,000,000",2000000,5000000,3500000.0,95697,7446,103143,0.9278089642535121,39.99,30-60,False,0,0,1600,0
261640,Borderlands: The Pre-Sequel,"2K Australia, Gearbox Software, Aspyr (Linux)","2K, Aspyr (Linux)","2,000,000 .. 5,000,000",2000000,5000000,3500000.0,33577,8802,42379,0.7923027914769107,39.99,30-60,False,0,0,437,0
220200,Kerbal Space Program,Squad,Private Division,"2,000,000 .. 5,000,000",2000000,5000000,3500000.0,121084,6078,127162,0.9522027020650823,39.99,30-60,False,0,0,1844,0
1142710,Total War: WARHAMMER III,"CREATIVE ASSEMBLY, Feral Interactive","SEGA, Feral Interactive","2,000,000 .. 5,000,000",2000000,5000000,3500000.0,87141,32717,119858,0.7270353251347428,59.99,30-60,False,0,0,16842,0
265630,Fistful of Frags,Fistful of Frags Team,Fistful of Frags Team,"2,000,000 .. 5,000,000",2000000,5000000,3500000.0,33130,3132,36262,0.9136285919144007,0.0,Free,True,0,0,53,0
219150,Hotline Miami,Dennaton Games,Devolver Digital,"2,000,000 .. 5,000,000",2000000,5000000,3500000.0,103599,3058,106657,0.9713286516590566,0.99,0-10,False,0,0,404,90
312990,The Expendabros,Free Lives,Devolver Digital,"2,000,000 .. 5,000,000",2000000,5000000,3500000.0,17661,513,18174,0.9717728623308023,0.0,Free,True,0,0,20,0
418460,Rising Storm 2: Vietnam,"Antimatter Games, Tripwire Interactive",Tripwire Interactive,"2,000,000 .. 5,000,000",2000000,5000000,3500000.0,49952,7611,57563,0.8677796501224745,24.99,10-30,False,0,0,449,0
211500,RaceRoom Racing Experience,KW Studios,"KW Studios, RaceRoom Entertainment AG","2,000,000 .. 5,000,000",2000000,5000000,3500000.0,17812,5806,23618,0.7541705478872047,0.0,Free,True,0,0,431,0
506540,Last Man Standing,"Free Reign Entertainment, Free Reign Entertainment",Free Reign Entertainment,"2,000,000 .. 5,000,000",2000000,5000000,3500000.0,10776,6811,17587,0.6127253084664809,0.0,Free,True,0,0,0,0
20900,The Witcher: Enhanced Edition Director's Cut,CD PROJEKT RED,"CD PROJEKT RED, 1C-SoftClub","2,000,000 .. 5,000,000",2000000,5000000,3500000.0,73569,9135,82704,0.8895458502611724,9.99,0-10,False,0,0,616,0
552500,Warhammer: Vermintide 2,Fatshark,Fatshark,"2,000,000 .. 5,000,000",2000000,5000000,3500000.0,113489,20234,133723,0.8486872116240288,29.99,10-30,False,0,0,2124,0
1057090,Ori and the Will of the Wisps,Moon Studios GmbH,Xbox Game Studios,"2,000,000 .. 5,000,000",2000000,5000000,3500000.0,131989,4701,136690,0.9656083107762089,7.49,0-10,False,0,0,697,75
359320,Elite Dangerous,Frontier Developments,Frontier Developments,"2,000,000 .. 5,000,000",2000000,5000000,3500000.0,77388,22636,100024,0.7736943133647924,19.99,10-30,False,0,0,4845,0
214950,Total War: ROME II - Emperor Edition,"CREATIVE ASSEMBLY, Feral Interactive","SEGA, Feral Interactive","2,000,000 .. 5,000,000",2000000,5000000,3500000.0,73559,14614,88173,0.8342576525693807,59.99,30-60,False,0,0,3901,0
9480,Saints Row 2,Volition,Deep Silver,"2,000,000 .. 5,000,000",2000000,5000000,3500000.0,15420,5046,20466,0.7534447376136031,9.99,0-10,False,0,0,95,0
245170,Skullgirls 2nd Encore,Hidden Variable Studios,Autumn Games,"2,000,000 .. 5,000,000",2000000,5000000,3500000.0,29623,11230,40853,0.7251119868797885,24.99,10-30,False,0,0,112,0
207610,The Walking Dead,Telltale Games,Skybound Games,"2,000,000 .. 5,000,000",2000000,5000000,3500000.0,71633,1995,73628,0.9729043298745043,14.99,10-30,False,0,0,614,0
35450,Red Orchestra 2: Heroes of Stalingrad with Rising Storm,Tripwire Interactive,Tripwire Interactive,"2,000,000 .. 5,000,000",2000000,5000000,3500000.0,34765,2863,37628,0.9239130434782609,19.99,10-30,False,0,0,92,0
285900,Gang Beasts,"Boneloaf, Rocket Science",Boneloaf,"2,000,000 .. 5,000,000",2000000,5000000,3500000.0,51267,9003,60270,0.850622200099552,4.99,0-10,False,0,0,376,75
232090,Killing Floor 2,Tripwire Interactive,Tripwire Interactive,"2,000,000 .. 5,000,000",2000000,5000000,3500000.0,111325,15541,126866,0.8775006699982659,29.99,10-30,False,0,0,4508,0
42680,Call of Duty: Modern Warfare 3 (2011),"Infinity Ward, Sledgehammer Games",Activision,"2,000,000 .. 5,000,000",2000000,5000000,3500000.0,21320,3686,25006,0.8525953771094937,39.99,30-60,False,0,0,357,0
918570,Century: Age of Ashes,Playwing LTD,Playwing LTD,"2,000,000 .. 5,000,000",2000000,5000000,3500000.0,13226,4514,17740,0.7455467869222097,0.0,Free,True,0,0,54,0
1771300,Kingdom Come: Deliverance II,Warhorse Studios,Deep Silver,"2,000,000 .. 5,000,000",2000000,5000000,3500000.0,96279,6058,102337,0.9408034239815511,59.99,30-60,False,0,0,7073,0
447040,Watch_Dogs 2,Ubisoft,Ubisoft,"2,000,000 .. 5,000,000",2000000,5000000,3500000.0,68213,14166,82379,0.8280386991830442,49.99,30-60,False,0,0,863,0
200510,XCOM: Enemy Unknown,"Firaxis Games, Feral Interactive (Linux)","2K, Feral Interactive (Linux)","2,000,000 .. 5,000,000",2000000,5000000,3500000.0,52717,3697,56414,0.9344666217605558,14.99,10-30,False,0,0,590,0
361420,ASTRONEER,System Era Softworks,System Era Softworks,"2,000,000 .. 5,000,000",2000000,5000000,3500000.0,118817,10139,128956,0.9213762833834797,29.99,10-30,False,0,0,988,0
33900,Arma 2,Bohemia Interactive,Bohemia Interactive,"2,000,000 .. 5,000,000",2000000,5000000,3500000.0,1769,348,2117,0.8356164383561644,12.99,10-30,False,0,0,0,0
209080,Guns of Icarus Online,Muse Games,Muse Games,"2,000,000 .. 5,000,000",2000000,5000000,3500000.0,13172,1473,14645,0.899419597132127,4.99,0-10,False,0,0,16,0
307780,Mortal Kombat X,"NetherRealm Studios, QLOC","Warner Bros. Games, Warner Bros. Interactive Entertainment","2,000,000 .. 5,000,000",2000000,5000000,3500000.0,48077,8175,56252,0.8546718338903506,19.99,10-30,False,0,0,426,0
335240,Transformice,Atelier 801,Atelier 801,"2,000,000 .. 5,000,000",2000000,5000000,3500000.0,24320,3341,27661,0.8792162250099418,0.0,Free,True,0,0,1284,0
403640,Dishonored 2,Arkane Studios,Bethesda Softworks,"2,000,000 .. 5,000,000",2000000,5000000,3500000.0,56155,6627,62782,0.894444267465197,29.99,10-30,False,0,0,308,0
99900,Spiral Knights,Grey Havens,Grey Havens,"2,000,000 .. 5,000,000",2000000,5000000,3500000.0,19869,3789,23658,0.8398427593203145,0.0,Free,True,0,0,132,0
1289310,Helltaker,vanripper,vanripper,"2,000,000 .. 5,000,000",2000000,5000000,3500000.0,122115,2803,124918,0.977561280199811,0.0,Free,True,0,0,75,0
287700,METAL GEAR SOLID V: THE PHANTOM PAIN,KONAMI,KONAMI,"2,000,000 .. 5,000,000",2000000,5000000,3500000.0,91675,8247,99922,0.9174656231860852,19.99,10-30,False,0,0,1333,0
460930,Tom Clancy's Ghost Recon Wildlands,"Ubisoft Paris, Ubisoft Annecy, Ubisoft Bucharest, Ubisoft Montpellier, Ubisoft Milan, Reflections, Ubisoft Belgrade",Ubisoft,"2,000,000 .. 5,000,000",2000000,5000000,3500000.0,77138,19439,96577,0.798720192178262,49.99,30-60,False,0,0,1441,0
219740,Don't Starve,Klei Entertainment,Klei Entertainment,"2,000,000 .. 5,000,000",2000000,5000000,3500000.0,106118,3698,109816,0.9663254899103956,2.49,0-10,False,0,0,1472,75
96000,The Tiny Bang Story,Colibri Games,Colibri Games,"2,000,000 .. 5,000,000",2000000,5000000,3500000.0,5630,821,6451,0.8727329096264145,4.99,0-10,False,0,0,10,0
35720,Trine 2: Complete Story,Frozenbyte,Frozenbyte,"2,000,000 .. 5,000,000",2000000,5000000,3500000.0,20682,997,21679,0.9540107938558051,3.99,0-10,False,0,0,18,80
880940,Pummel Party,Rebuilt Games,Rebuilt Games,"2,000,000 .. 5,000,000",2000000,5000000,3500000.0,47800,6014,53814,0.8882446946891144,14.99,10-30,False,0,0,1096,0
387990,Scrap Mechanic,Axolot Games,Axolot Games,"2,000,000 .. 5,000,000",2000000,5000000,3500000.0,104512,8771,113283,0.9225744374707591,19.99,10-30,False,0,0,909,0
686810,Hell Let Loose,Expression Games,Team17,"2,000,000 .. 5,000,000",2000000,5000000,3500000.0,113447,24230,137677,0.8240083674106786,17.49,10-30,False,0,0,3380,75
409710,BioShock Remastered,"2K Boston, 2K Australia, Blind Squirrel, Feral Interactive (Mac)","2K, Feral Interactive (Mac)","2,000,000 .. 5,000,000",2000000,5000000,3500000.0,47962,10301,58263,0.8231982561831694,19.99,10-30,False,0,0,364,0
418370,Resident Evil 7 Biohazard,"CAPCOM Co., Ltd.","CAPCOM Co., Ltd.","2,000,000 .. 5,000,000",2000000,5000000,3500000.0,93214,4632,97846,0.9526603029250046,7.99,0-10,False,0,0,792,60
50130,Mafia II (Classic),2K Czech,2K,"2,000,000 .. 5,000,000",2000000,5000000,3500000.0,51876,3121,54997,0.9432514500790953,5.99,0-10,False,0,0,207,80
1454400,Cookie Clicker,"Orteil, DashNet",Playsaurus,"2,000,000 .. 5,000,000",2000000,5000000,3500000.0,77218,2674,79892,0.9665298152505883,4.99,0-10,False,0,0,9583,0
379430,Kingdom Come: Deliverance,Warhorse Studios,"Warhorse Studios, Deep Silver","2,000,000 .. 5,000,000",2000000,5000000,3500000.0,136446,25760,162206,0.841189598411896,29.99,10-30,False,0,0,2520,0
274170,Hotline Miami 2: Wrong Number,Dennaton Games,Devolver Digital,"2,000,000 .. 5,000,000",2000000,5000000,3500000.0,62741,3893,66634,0.941576372422487,2.24,0-10,False,0,0,437,85
232770,POSTAL,Running With Scissors,Running With Scissors,"2,000,000 .. 5,000,000",2000000,5000000,3500000.0,10023,1000,11023,0.909280595119296,67.95,60+,False,0,0,41,0
1363080,Manor Lords,Slavic Magic,Hooded Horse,"2,000,000 .. 5,000,000",2000000,5000000,3500000.0,62224,9896,72120,0.8627842484747643,39.99,30-60,False,0,0,1977,0
585690,Minimalism,PixelMouse,PixelMouse,"2,000,000 .. 5,000,000",2000000,5000000,3500000.0,1276,465,1741,0.7329121194715681,0.99,0-10,False,0,0,49,0
289650,Assassin's Creed Unity,Ubisoft,Ubisoft,"2,000,000 .. 5,000,000",2000000,5000000,3500000.0,58065,16229,74294,0.7815570570974776,7.49,0-10,False,0,0,373,75
17410,Mirror's Edge,DICE,Electronic Arts,"2,000,000 .. 5,000,000",2000000,5000000,3500000.0,32983,4669,37652,0.8759959630298524,19.99,10-30,False,0,0,43,0
4560,Company of Heroes - Legacy Edition,Relic Entertainment,SEGA,"2,000,000 .. 5,000,000",2000000,5000000,3500000.0,6540,457,6997,0.934686294126054,36.99,30-60,False,0,0,65,0
2479810,Gray Zone Warfare,"MADFINGER Games, a.s.","MADFINGER Games, a.s.","2,000,000 .. 5,000,000",2000000,5000000,3500000.0,40235,19083,59318,0.6782932667992853,39.99,30-60,False,0,0,7543,0
233130,Shadow Warrior,Flying Wild Hog,Devolver Digital,"2,000,000 .. 5,000,000",2000000,5000000,3500000.0,24071,2080,26151,0.9204619326220794,2.99,0-10,False,0,0,20,90
1056960,Wolfenstein: Youngblood,"MachineGames, Arkane Studios",Bethesda Softworks,"2,000,000 .. 5,000,000",2000000,5000000,3500000.0,6360,8083,14443,0.4403517274804403,19.99,10-30,False,0,0,38,0
976310,Mortal Kombat 11,"NetherRealm Studios, QLOC, Shiver","Warner Bros. Games, Warner Bros. Interactive Entertainment","2,000,000 .. 5,000,000",2000000,5000000,3500000.0,93635,12646,106281,0.8810135395790405,49.99,30-60,False,0,0,1026,0
202990,Call of Duty: Black Ops II,Treyarch,Activision,"2,000,000 .. 5,000,000",2000000,5000000,3500000.0,27100,4790,31890,0.8497961743493259,59.99,30-60,False,0,0,167,0
355180,Codename CURE,Raptor Byte,Raptor Byte,"2,000,000 .. 5,000,000",2000000,5000000,3500000.0,13960,2518,16478,0.8471901929845855,0.0,Free,True,0,0,12,0
678950,DRAGON BALL FighterZ,Arc System Works,Bandai Namco Entertainment,"2,000,000 .. 5,000,000",2000000,5000000,3500000.0,65978,6998,72976,0.9041054593290945,9.59,0-10,False,0,0,511,84
1151340,Fallout 76,Bethesda Game Studios,Bethesda Softworks,"2,000,000 .. 5,000,000",2000000,5000000,3500000.0,89334,33215,122549,0.728965556634489,39.99,30-60,False,0,0,8796,0
299360,Block N Load,"Toadman Interactive, Artplant",Toadman Interactive,"2,000,000 .. 5,000,000",2000000,5000000,3500000.0,11944,3237,15181,0.7867729398590343,0.0,Free,True,0,0,4,0
213670,South Park: The Stick of Truth,Obsidian Entertainment,Ubisoft,"2,000,000 .. 5,000,000",2000000,5000000,3500000.0,66636,1669,68305,0.9755654783690798,29.99,10-30,False,0,0,274,0
262410,World of Guns: Gun Disassembly,Noble Empire Corp.,Noble Empire Corp.,"2,000,000 .. 5,000,000",2000000,5000000,3500000.0,16184,3058,19242,0.8410768111422929,0.0,Free,True,0,0,103,0
224600,Defiance,Trion Worlds,Trion Worlds,"2,000,000 .. 5,000,000",2000000,5000000,3500000.0,9676,2964,12640,0.765506329113924,0.0,Free,True,0,0,2,0
368230,Kingdom: Classic,"Noio, Licorice",Raw Fury,"2,000,000 .. 5,000,000",2000000,5000000,3500000.0,20023,2065,22088,0.9065103223469757,0.0,Free,True,0,0,40,0
3097560,Liar's Bar,Curve Animation,Curve Animation,"2,000,000 .. 5,000,000",2000000,5000000,3500000.0,44341,4209,48550,0.9133058702368692,6.99,0-10,False,0,0,605,0
335300,DARK SOULS II: Scholar of the First Sin,"FromSoftware, Inc.","Bandai Namco Entertainment, FromSoftware, Inc.","2,000,000 .. 5,000,000",2000000,5000000,3500000.0,98052,18658,116710,0.8401336646388484,39.99,30-60,False,0,0,1612,0
233860,Kenshi,Lo-Fi Games,Lo-Fi Games,"2,000,000 .. 5,000,000",2000000,5000000,3500000.0,93712,4423,98135,0.9549294339430376,29.99,10-30,False,0,0,5412,0
240720,Getting Over It with Bennett Foddy,Bennett Foddy,Bennett Foddy,"2,000,000 .. 5,000,000",2000000,5000000,3500000.0,63479,13524,77003,0.8243704790722439,7.99,0-10,False,0,0,192,0
391720,Layers of Fear (2016),Bloober Team SA,Bloober Team SA,"2,000,000 .. 5,000,000",2000000,5000000,3500000.0,23576,3040,26616,0.8857829876765855,19.99,10-30,False,0,0,17,0
838350,The Scroll Of Taiwu,ConchShip Games,ConchShip Games,"2,000,000 .. 5,000,000",2000000,5000000,3500000.0,42350,18287,60637,0.6984184573775087,29.99,10-30,False,0,0,989,0
238320,Outlast,Red Barrels,Red Barrels,"2,000,000 .. 5,000,000",2000000,5000000,3500000.0,121220,4458,125678,0.9645283979694139,14.99,10-30,False,0,0,215,0
282070,This War of Mine,11 bit studios,11 bit studios,"2,000,000 .. 5,000,000",2000000,5000000,3500000.0,94484,7256,101740,0.9286809514448594,19.99,10-30,False,0,0,756,0
412020,Metro Exodus,4A Games,Deep Silver,"2,000,000 .. 5,000,000",2000000,5000000,3500000.0,108945,12370,121315,0.8980340436054899,4.49,0-10,False,0,0,702,85
1158310,Crusader Kings III,Paradox Development Studio,Paradox Interactive,"2,000,000 .. 5,000,000",2000000,5000000,3500000.0,114259,12650,126909,0.9003222781678211,49.99,30-60,False,0,0,14302,0
2567870,Chained Together,Anegar Games,Secret Mode,"2,000,000 .. 5,000,000",2000000,5000000,3500000.0,48180,4958,53138,0.9066957732695999,4.99,0-10,False,0,0,1154,0
265930,Goat Simulator,Coffee Stain Studios,Coffee Stain Publishing,"2,000,000 .. 5,000,000",2000000,5000000,3500000.0,62249,6331,68580,0.907684456109653,9.99,0-10,False,0,0,71,0
214490,Alien: Isolation,"Creative Assembly, Feral Interactive (Mac), Feral Interactive (Linux)","SEGA, Feral Interactive (Mac), Feral Interactive (Linux)","2,000,000 .. 5,000,000",2000000,5000000,3500000.0,56716,4115,60831,0.9323535697259621,11.99,10-30,False,0,0,211,70
362890,Black Mesa,Crowbar Collective,Crowbar Collective,"2,000,000 .. 5,000,000",2000000,5000000,3500000.0,121562,6131,127693,0.9519864048929855,19.99,10-30,False,0,0,907,0
438740,Friday the 13th: The Game,IllFonic,Gun Media,"2,000,000 .. 5,000,000",2000000,5000000,3500000.0,62069,15444,77513,0.8007560022189826,0.0,Free,True,0,0,19,0
617290,Remnant: From the Ashes,Gunfire Games,"Arc Games, THQ Nordic","2,000,000 .. 5,000,000",2000000,5000000,3500000.0,44761,8081,52842,0.8470724045267023,39.99,30-60,False,0,0,429,0
588430,Fallout Shelter,Bethesda Game Studios,Bethesda Softworks,"2,000,000 .. 5,000,000",2000000,5000000,3500000.0,65847,8601,74448,0.884469696969697,0.0,Free,True,0,0,1001,0
1943950,Escape the Backrooms,"Fancy Games, Blackbird Interactive",Secret Mode,"2,000,000 .. 5,000,000",2000000,5000000,3500000.0,93330,9199,102529,0.9102790430024676,9.99,0-10,False,0,0,1756,0
203140,Hitman: Absolution,Io-Interactive A/S,Io-Interactive A/S,"2,000,000 .. 5,000,000",2000000,5000000,3500000.0,51769,3932,55701,0.9294088077413332,1.99,0-10,False,0,0,618,90
12100,Grand Theft Auto III,Rockstar Games,Rockstar Games,"2,000,000 .. 5,000,000",2000000,5000000,3500000.0,12654,1946,14600,0.8667123287671233,0.0,Free,True,0,0,42,0
905370,Conqueror's Blade,Booming Tech,Poros Interactive,"2,000,000 .. 5,000,000",2000000,5000000,3500000.0,22576,7558,30134,0.7491869648901573,0.0,Free,True,0,0,2,0
1056640,Phantasy Star Online 2,SEGA,SEGA,"2,000,000 .. 5,000,000",2000000,5000000,3500000.0,16848,7196,24044,0.700715355182166,0.0,Free,True,0,0,1400,0
1942280,Brotato,Blobfish,Blobfish,"2,000,000 .. 5,000,000",2000000,5000000,3500000.0,94525,3276,97801,0.9665034099855829,2.99,0-10,False,0,0,6389,40
238460,BattleBlock Theater,The Behemoth,The Behemoth,"2,000,000 .. 5,000,000",2000000,5000000,3500000.0,69617,1997,71614,0.972114391040858,14.99,10-30,False,0,0,78,0
38400,Fallout: A Post Nuclear Role Playing Game,Interplay Inc.,Bethesda Softworks,"2,000,000 .. 5,000,000",2000000,5000000,3500000.0,20902,1296,22198,0.9416163618343995,9.99,0-10,False,0,0,89,0
881020,Granblue Fantasy: Relink,"Cygames, Inc.","Cygames, Inc.","2,000,000 .. 5,000,000",2000000,5000000,3500000.0,43116,4883,47999,0.8982687139315403,39.99,30-60,False,0,0,996,0
65800,Dungeon Defenders,Chromatic Games,Chromatic Games,"2,000,000 .. 5,000,000",2000000,5000000,3500000.0,16818,1242,18060,0.9312292358803986,14.99,10-30,False,0,0,284,0
204880,Sins of a Solar Empire: Rebellion,"Ironclad Games Corporation, Stardock Entertainment",Stardock Entertainment,"2,000,000 .. 5,000,000",2000000,5000000,3500000.0,14919,1096,16015,0.9315641586013113,19.99,10-30,False,0,0,280,0
235460,METAL GEAR RISING: REVENGEANCE,PlatinumGames,KONAMI,"2,000,000 .. 5,000,000",2000000,5000000,3500000.0,79993,3300,83293,0.9603808243189704,29.99,10-30,False,0,0,242,0
581320,Insurgency: Sandstorm,New World Interactive,Focus Entertainment,"2,000,000 .. 5,000,000",2000000,5000000,3500000.0,107857,19061,126918,0.8498164168991003,29.99,10-30,False,0,0,1826,0
34330,Total War: SHOGUN 2,"CREATIVE ASSEMBLY, Feral Interactive (Mac), Feral Interactive (Linux)","SEGA, Feral Interactive (Mac), Feral Interactive (Linux)","2,000,000 .. 5,000,000",2000000,5000000,3500000.0,22620,2332,24952,0.9065405578711125,29.99,10-30,False,0,0,1807,0
387290,Ori and the Blind Forest: Definitive Edition,Moon Studios GmbH,Xbox Game Studios,"2,000,000 .. 5,000,000",2000000,5000000,3500000.0,63788,3191,66979,0.9523582018244524,3.99,0-10,False,0,0,196,80
728880,Overcooked! 2,"Ghost Town Games Ltd., Team17",Team17,"2,000,000 .. 5,000,000",2000000,5000000,3500000.0,65992,6809,72801,0.906471064957899,24.99,10-30,False,0,0,2107,0
391220,Rise of the Tomb Raider,"Crystal Dynamics, Eidos-Montréal, Feral Interactive (Mac), Feral Interactive (Linux), Nixxes","Crystal Dynamics, Feral Interactive (Mac), Feral Interactive (Linux)","2,000,000 .. 5,000,000",2000000,5000000,3500000.0,128080,8100,136180,0.940519900132178,29.99,10-30,False,0,0,777,0
8870,BioShock Infinite,"Irrational Games, Virtual Programming (Linux)",2K,"2,000,000 .. 5,000,000",2000000,5000000,3500000.0,131970,8712,140682,0.93807310103638,29.99,10-30,False,0,0,301,0
372000,Tree of Savior (English Ver.),"IMCGAMES Co.,Ltd.","IMCGAMES Co.,Ltd.","2,000,000 .. 5,000,000",2000000,5000000,3500000.0,13046,7265,20311,0.642312047658904,0.0,Free,True,0,0,163,0
239030,"Papers, Please",Lucas Pope,3909,"2,000,000 .. 5,000,000",2000000,5000000,3500000.0,72168,2019,74187,0.9727849892838368,9.99,0-10,False,0,0,416,0
629760,MORDHAU,Triternion,Triternion,"2,000,000 .. 5,000,000",2000000,5000000,3500000.0,90102,22098,112200,0.803048128342246,29.99,10-30,False,0,0,764,0
646910,The Crew 2,Ivory Tower,Ubisoft,"2,000,000 .. 5,000,000",2000000,5000000,3500000.0,72724,21141,93865,0.7747722793373462,29.99,10-30,False,0,0,873,0
367500,Dragon's Dogma: Dark Arisen,Capcom,Capcom,"2,000,000 .. 5,000,000",2000000,5000000,3500000.0,41310,5376,46686,0.884847705950392,4.79,0-10,False,0,0,329,84
13520,Far Cry,Crytek Studios,Ubisoft,"2,000,000 .. 5,000,000",2000000,5000000,3500000.0,8406,1853,10259,0.8193781070279754,9.99,0-10,False,0,0,50,0
967050,Pacify,Shawn Hitchcock,Hitchcock Games,"2,000,000 .. 5,000,000",2000000,5000000,3500000.0,36071,5620,41691,0.865198723945216,4.99,0-10,False,0,0,77,0
2399830,ARK: Survival Ascended,"Studio Wildcard, Grove Street Games, Instinct Games","Studio Wildcard, Snail Games USA","2,000,000 .. 5,000,000",2000000,5000000,3500000.0,44880,31115,75995,0.5905651687611027,44.99,30-60,False,0,0,12007,0
648350,Jurassic World Evolution,Frontier Developments,Frontier Developments,"2,000,000 .. 5,000,000",2000000,5000000,3500000.0,47081,6875,53956,0.8725813625917415,44.99,30-60,False,0,0,260,0
471710,Rec Room,Rec Room,Rec Room,"2,000,000 .. 5,000,000",2000000,5000000,3500000.0,63756,7467,71223,0.8951602712606883,0.0,Free,True,0,0,1510,0
1372880,The Day Before,FNTASTIC,Mytona Fntastic,"2,000,000 .. 5,000,000",2000000,5000000,3500000.0,3686,19751,23437,0.15727268848402098,0.0,Free,True,0,0,0,0
524220,NieR:Automata,"Square Enix, PlatinumGames Inc.",Square Enix,"2,000,000 .. 5,000,000",2000000,5000000,3500000.0,122027,18142,140169,0.8705705255798357,39.99,30-60,False,0,0,690,0
305620,The Long Dark,Hinterland Studio Inc.,Hinterland Studio Inc.,"2,000,000 .. 5,000,000",2000000,5000000,3500000.0,101846,10729,112575,0.9046946480124362,19.99,10-30,False,0,0,2575,0
475150,Titan Quest Anniversary Edition,"Iron Lore Entertainment, THQ Nordic",THQ Nordic,"2,000,000 .. 5,000,000",2000000,5000000,3500000.0,32295,3226,35521,0.9091804847836491,19.99,10-30,False,0,0,599,0
47870,Need For Speed: Hot Pursuit,Criterion Games,Electronic Arts,"2,000,000 .. 5,000,000",2000000,5000000,3500000.0,16490,3487,19977,0.8254492666566552,0.0,Free,True,0,0,19,0
629520,Soundpad,Leppsoft,Leppsoft,"2,000,000 .. 5,000,000",2000000,5000000,3500000.0,84918,3466,88384,0.9607847574221579,4.99,0-10,False,0,0,15279,0
282440,Quake Live,id Software,Bethesda Softworks,"2,000,000 .. 5,000,000",2000000,5000000,3500000.0,13303,2074,15377,0.865123236001821,9.99,0-10,False,0,0,297,0
436150,Governor of Poker 3,Playtika Ltd.,Playtika Ltd.,"2,000,000 .. 5,000,000",2000000,5000000,3500000.0,10541,4800,15341,0.6871129652565022,0.0,Free,True,0,0,1053,0
1304930,The Outlast Trials,Red Barrels,Red Barrels,"2,000,000 .. 5,000,000",2000000,5000000,3500000.0,62533,4423,66956,0.9339416930521537,39.99,30-60,False,0,0,3743,0
550900,Metin2,WEBZEN Inc.,Gameforge 4D GmbH,"2,000,000 .. 5,000,000",2000000,5000000,3500000.0,10212,4355,14567,0.7010365895517265,0.0,Free,True,0,0,0,0
33230,Assassin's Creed 2,Ubisoft Montreal,Ubisoft,"2,000,000 .. 5,000,000",2000000,5000000,3500000.0,48815,5831,54646,0.8932950261684295,19.99,10-30,False,0,0,188,0
427730,Who's Your Daddy?!,Evil Tortilla Games,Evil Tortilla Games,"2,000,000 .. 5,000,000",2000000,5000000,3500000.0,24318,6091,30409,0.799697457989411,9.99,0-10,False,0,0,75,0
221040,Resident Evil 6,Capcom,Capcom,"2,000,000 .. 5,000,000",2000000,5000000,3500000.0,42993,11727,54720,0.7856907894736842,4.99,0-10,False,0,0,515,75
1274570,DEVOUR,Straight Back Games,Straight Back Games,"2,000,000 .. 5,000,000",2000000,5000000,3500000.0,75057,7457,82514,0.9096274571587851,9.99,0-10,False,0,0,447,0
1222700,A Way Out,Hazelight Studios,Electronic Arts,"2,000,000 .. 5,000,000",2000000,5000000,3500000.0,72313,10149,82462,0.8769251291503966,29.99,10-30,False,0,0,262,0
1468810,鬼谷八荒 Tale of Immortal,鬼谷工作室,"鬼谷工作室, Lightning Games","2,000,000 .. 5,000,000",2000000,5000000,3500000.0,121020,106084,227104,0.5328836127941383,19.99,10-30,False,0,0,4116,0
287390,Metro: Last Light Redux,4A Games,Deep Silver,"2,000,000 .. 5,000,000",2000000,5000000,3500000.0,63534,6562,70096,0.9063855284181693,19.99,10-30,False,0,0,320,0
570940,DARK SOULS: REMASTERED,"QLOC, FromSoftware, Inc.","FromSoftware, Inc., Bandai Namco Entertainment","2,000,000 .. 5,000,000",2000000,5000000,3500000.0,119152,10147,129299,0.9215229816162538,39.99,30-60,False,0,0,2879,0
1272080,PAYDAY 3,Starbreeze Studios,Starbreeze Entertainment,"2,000,000 .. 5,000,000",2000000,5000000,3500000.0,25497,33195,58692,0.4344203639337559,29.99,10-30,False,0,0,644,0
316010,Magic Duels,Stainless Games Ltd.,Wizards of the Coast LLC,"2,000,000 .. 5,000,000",2000000,5000000,3500000.0,16916,6928,23844,0.7094447240395907,0.0,Free,True,0,0,37,0
105450,Age of Empires III (2007),Ensemble Studios,Xbox Game Studios,"2,000,000 .. 5,000,000",2000000,5000000,3500000.0,29126,2913,32039,0.9090795592871188,0.0,Free,True,0,0,309,0
1167630,Teardown,Tuxedo Labs,Tuxedo Labs,"2,000,000 .. 5,000,000",2000000,5000000,3500000.0,104653,4809,109462,0.9560669456066946,14.99,10-30,False,0,0,1984,50
11020,TrackMania Nations Forever,Nadeo,Ubisoft,"2,000,000 .. 5,000,000",2000000,5000000,3500000.0,21244,2359,23603,0.9000550777443546,0.0,Free,True,0,0,181,0
12200,Bully: Scholarship Edition,Rockstar New England,Rockstar Games,"2,000,000 .. 5,000,000",2000000,5000000,3500000.0,30730,5604,36334,0.8457642979027907,14.99,10-30,False,0,0,221,0
881100,Noita,Nolla Games,Nolla Games,"2,000,000 .. 5,000,000",2000000,5000000,3500000.0,74759,3718,78477,0.9526230615339526,19.99,10-30,False,0,0,2019,0
1313140,Cult of the Lamb,Massive Monster,Devolver Digital,"2,000,000 .. 5,000,000",2000000,5000000,3500000.0,98711,4517,103228,0.9562424923470376,24.99,10-30,False,0,0,1535,0
261570,Ori and the Blind Forest,Moon Studios GmbH,Xbox Game Studios,"2,000,000 .. 5,000,000",2000000,5000000,3500000.0,54150,3262,57412,0.9431826099073365,0.0,Free,True,0,0,172,0
1361210,"Warhammer 40,000: Darktide",Fatshark,Fatshark,"2,000,000 .. 5,000,000",2000000,5000000,3500000.0,80268,32692,112960,0.7105878186968838,39.99,30-60,False,0,0,7267,0
221910,The Stanley Parable,Galactic Cafe,"Galactic Cafe, Klei Publishing","2,000,000 .. 5,000,000",2000000,5000000,3500000.0,41582,3400,44982,0.9244142101284959,14.99,10-30,False,0,0,21,0
238090,Sniper Elite 3,Rebellion,Rebellion,"2,000,000 .. 5,000,000",2000000,5000000,3500000.0,22323,4794,27117,0.8232105321385109,29.99,10-30,False,0,0,82,0
242720,GunZ 2: The Second Duel,Masangsoft,Masangsoft,"2,000,000 .. 5,000,000",2000000,5000000,3500000.0,7055,3622,10677,0.6607661328088414,0.0,Free,True,0,0,3,0
1250410,Microsoft Flight Simulator (2020) 40th Anniversary Edition,Asobo Studio,Xbox Game Studios,"2,000,000 .. 5,000,000",2000000,5000000,3500000.0,51794,13872,65666,0.7887491243565925,59.99,30-60,False,0,0,3245,0
644930,They Are Billions,Numantian Games,Numantian Games,"2,000,000 .. 5,000,000",2000000,5000000,3500000.0,41508,7257,48765,0.8511842509996924,29.99,10-30,False,0,0,2751,0
641990,The Escapists 2,"Team17, Mouldy Toof Studios",Team17,"2,000,000 .. 5,000,000",2000000,5000000,3500000.0,28948,3000,31948,0.9060974082884687,19.99,10-30,False,0,0,214,0
1254120,Bless Unleashed,VALOFE,VALOFE,"2,000,000 .. 5,000,000",2000000,5000000,3500000.0,16259,14611,30870,0.5266925817946226,0.0,Free,True,0,0,291,0
222880,Insurgency,New World Interactive,New World Interactive,"2,000,000 .. 5,000,000",2000000,5000000,3500000.0,114570,10301,124871,0.9175068670868336,14.99,10-30,False,0,0,154,0
201790,Orcs Must Die! 2,Robot Entertainment,Robot Entertainment,"2,000,000 .. 5,000,000",2000000,5000000,3500000.0,17917,1371,19288,0.9289195354624638,3.74,0-10,False,0,0,34,75
1569040,Football Manager 2022,Sports Interactive,SEGA,"2,000,000 .. 5,000,000",2000000,5000000,3500000.0,19861,1599,21460,0.9254892823858341,0.0,Free,True,0,0,1742,0
203290,America's Army: Proving Grounds,U.S. Army,U.S. Army,"2,000,000 .. 5,000,000",2000000,5000000,3500000.0,8637,2315,10952,0.7886230825420014,0.0,Free,True,0,0,132,0
2670630,Supermarket Simulator,Nokta Games,Nokta Games,"2,000,000 .. 5,000,000",2000000,5000000,3500000.0,64104,4237,68341,0.9380020778156597,19.99,10-30,False,0,0,2464,0
286570,F1 2015,"Codemasters, Feral Interactive (Linux)","Codemasters, Feral Interactive (Linux)","2,000,000 .. 5,000,000",2000000,5000000,3500000.0,4720,3172,7892,0.5980739989863153,0.0,Free,True,0,0,22,0
787860,Farming Simulator 19,Giants Software,Giants Software,"2,000,000 .. 5,000,000",2000000,5000000,3500000.0,70448,4172,74620,0.9440900562851783,17.99,10-30,False,0,0,983,0
466560,Northgard: Definitive Edition,Shiro Games,Shiro Games,"2,000,000 .. 5,000,000",2000000,5000000,3500000.0,55844,8851,64695,0.8631888090269727,34.99,30-60,False,0,0,1164,0
207140,SpeedRunners,DoubleDutch Games,tinyBuild,"2,000,000 .. 5,000,000",2000000,5000000,3500000.0,34525,2215,36740,0.9397114861186717,2.99,0-10,False,0,0,195,80
1092790,Inscryption,Daniel Mullins Games,Devolver Digital,"2,000,000 .. 5,000,000",2000000,5000000,3500000.0,127792,4098,131890,0.9689286526650998,19.99,10-30,False,0,0,1301,0
431240,Golf With Your Friends,"Blacklight Interactive, Team17",Team17,"2,000,000 .. 5,000,000",2000000,5000000,3500000.0,59105,7975,67080,0.8811121049493142,14.99,10-30,False,0,0,979,0
248570,Toribash,Nabi Studios,"Nicalis, Inc.","2,000,000 .. 5,000,000",2000000,5000000,3500000.0,14775,1928,16703,0.8845716338382327,0.0,Free,True,0,0,85,0
107100,Bastion,Supergiant Games,Supergiant Games,"2,000,000 .. 5,000,000",2000000,5000000,3500000.0,35661,1731,37392,0.953706675224647,14.99,10-30,False,0,0,15,0
209000,Batman: Arkham Origins,"WB Games Montreal, Splash Damage",Warner Bros. Interactive Entertainment,"2,000,000 .. 5,000,000",2000000,5000000,3500000.0,51192,6071,57263,0.893980406195973,19.99,10-30,False,0,0,616,0
24960,Battlefield: Bad Company 2,DICE,Electronic Arts,"2,000,000 .. 5,000,000",2000000,5000000,3500000.0,31749,5438,37187,0.8537661010568209,0.0,Free,True,0,0,22,0
848450,Subnautica: Below Zero,Unknown Worlds Entertainment,Unknown Worlds Entertainment,"2,000,000 .. 5,000,000",2000000,5000000,3500000.0,87607,9053,96660,0.9063418166770122,29.99,10-30,False,0,0,698,0
286940,S.K.I.L.L. - Special Force 2 (Shooter),"Dragonfly GF Co., LTD",Space Budgie,"2,000,000 .. 5,000,000",2000000,5000000,3500000.0,8049,3267,11316,0.7112937433722163,0.0,Free,True,0,0,0,0
740130,Tales of ARISE,Bandai Namco Studios Inc.,Bandai Namco Entertainment,"2,000,000 .. 5,000,000",2000000,5000000,3500000.0,30379,4403,34782,0.8734115347018573,49.99,30-60,False,0,0,182,0
17390,SPORE,Maxis™,Electronic Arts,"2,000,000 .. 5,000,000",2000000,5000000,3500000.0,61124,4996,66120,0.9244404113732607,19.99,10-30,False,0,0,599,0
530700,Argo,Bohemia Interactive,Bohemia Interactive,"2,000,000 .. 5,000,000",2000000,5000000,3500000.0,5610,5315,10925,0.5135011441647597,0.0,Free,True,0,0,1,0
2622380,ELDEN RING NIGHTREIGN,"FromSoftware, Inc.","FromSoftware, Inc., Bandai Namco Entertainment","2,000,000 .. 5,000,000",2000000,5000000,3500000.0,48901,16771,65672,0.7446248020465343,39.99,30-60,False,0,0,163599,0
220240,Far Cry 3,"Ubisoft Montreal, Massive Entertainment, and Ubisoft Shanghai",Ubisoft,"2,000,000 .. 5,000,000",2000000,5000000,3500000.0,101914,12105,114019,0.8938334838930354,19.99,10-30,False,0,0,488,0
1217060,Gunfire Reborn,Gunfire Reborn Studio,Duoyi Games,"2,000,000 .. 5,000,000",2000000,5000000,3500000.0,92655,6517,99172,0.9342858871455653,10.99,10-30,False,0,0,1428,45
1248130,Farming Simulator 22,Giants Software,Giants Software,"2,000,000 .. 5,000,000",2000000,5000000,3500000.0,78110,6402,84512,0.9242474441499432,19.99,10-30,False,0,0,5419,0
437900,Party Jousting,vikingfabian,vikingfabian,"2,000,000 .. 5,000,000",2000000,5000000,3500000.0,662,61,723,0.9156293222683264,0.0,Free,True,0,0,1,0
635260,CarX Drift Racing Online,"CarX Technologies, LLC","CarX Technologies, LLC","2,000,000 .. 5,000,000",2000000,5000000,3500000.0,79504,3912,83416,0.9531025222978805,16.99,10-30,False,0,0,1658,0
259080,Just Cause 2: Multiplayer Mod,Avalanche Studios,Square Enix,"2,000,000 .. 5,000,000",2000000,5000000,3500000.0,13558,1246,14804,0.9158335584977033,0.0,Free,True,0,0,7,0
414340,Hellblade: Senua's Sacrifice,Ninja Theory,"Ninja Theory, Xbox Game Studios","2,000,000 .. 5,000,000",2000000,5000000,3500000.0,66212,7260,73472,0.9011868466898955,7.49,0-10,False,0,0,73,75
42700,Call of Duty: Black Ops,Treyarch,Activision,"2,000,000 .. 5,000,000",2000000,5000000,3500000.0,36530,3695,40225,0.908141702921069,39.99,30-60,False,0,0,527,0
108710,Alan Wake,Remedy Entertainment,Remedy Entertainment,"2,000,000 .. 5,000,000",2000000,5000000,3500000.0,44449,4714,49163,0.9041148831438277,1.49,0-10,False,0,0,165,90
55100,Homefront,"Kaos Studios, Digital Extremes",Deep Silver,"2,000,000 .. 5,000,000",2000000,5000000,3500000.0,7787,4980,12767,0.6099318555651289,19.99,10-30,False,0,0,12,0
1520470,封灵档案,（Hong Kong）GKD,（Hong Kong）GKD,"2,000,000 .. 5,000,000",2000000,5000000,3500000.0,21945,4737,26682,0.8224645828648527,0.0,Free,True,0,0,656,0
644560,Mirror,KAGAMI WORKS,Paradise Project,"2,000,000 .. 5,000,000",2000000,5000000,3500000.0,80419,2554,82973,0.9692189025345594,0.79,0-10,False,0,0,106,60
1263850,Football Manager 2021,Sports Interactive,SEGA,"2,000,000 .. 5,000,000",2000000,5000000,3500000.0,22342,1558,23900,0.9348117154811716,0.0,Free,True,0,0,1122,0
407530,ARK: Survival Of The Fittest,"Studio Wildcard, Instinct Games, Efecto Studios, Virtual Basement LLC",Studio Wildcard,"2,000,000 .. 5,000,000",2000000,5000000,3500000.0,7766,3926,11692,0.6642148477591515,4.49,0-10,False,0,0,43,70
774171,Muse Dash,peropero,hasuhasu,"2,000,000 .. 5,000,000",2000000,5000000,3500000.0,107491,11938,119429,0.9000410285609023,2.99,0-10,False,0,0,672,0
279720,The I of the Dragon,Primal,TopWare Interactive,"2,000,000 .. 5,000,000",2000000,5000000,3500000.0,676,321,997,0.6780341023069207,7.99,0-10,False,0,0,1,0
201810,Wolfenstein: The New Order,MachineGames,Bethesda Softworks,"2,000,000 .. 5,000,000",2000000,5000000,3500000.0,51691,4778,56469,0.9153872035984345,19.99,10-30,False,0,0,417,0
319510,Five Nights at Freddy's,Scott Cawthon,Scott Cawthon,"2,000,000 .. 5,000,000",2000000,5000000,3500000.0,48831,3406,52237,0.9347971744166013,4.99,0-10,False,0,0,118,0
1888160,ARMORED CORE VI FIRES OF RUBICON,"FromSoftware, Inc.","FromSoftware, Inc., Bandai Namco Entertainment Inc.","2,000,000 .. 5,000,000",2000000,5000000,3500000.0,70425,6617,77042,0.9141117831831987,59.99,30-60,False,0,0,1011,0
674020,World War 3,Wishlist Games,Wishlist Games,"2,000,000 .. 5,000,000",2000000,5000000,3500000.0,29495,25034,54529,0.5409048396266207,0.0,Free,True,0,0,59,0
310950,Street Fighter V,"CAPCOM Co., Ltd.","CAPCOM Co., Ltd.","2,000,000 .. 5,000,000",2000000,5000000,3500000.0,29529,14122,43651,0.6764793475521752,9.99,0-10,False,0,0,170,50
952060,Resident Evil 3,"CAPCOM Co., Ltd.","CAPCOM Co., Ltd.","2,000,000 .. 5,000,000",2000000,5000000,3500000.0,74536,16699,91235,0.816967172685921,7.99,0-10,False,0,0,362,80
949230,Cities: Skylines II,"Iceflake Studios, Colossal Order",Paradox Interactive,"2,000,000 .. 5,000,000",2000000,5000000,3500000.0,38697,34827,73524,0.5263179370001632,49.99,30-60,False,0,0,5392,0
1466860,Age of Empires IV: Anniversary Edition,"World's Edge, Relic Entertainment, Forgotten Empires, Climax Studios",Xbox Game Studios,"2,000,000 .. 5,000,000",2000000,5000000,3500000.0,69559,11311,80870,0.8601335476690986,13.99,10-30,False,0,0,7084,65
1904540,Football Manager 2023,Sports Interactive,SEGA,"2,000,000 .. 5,000,000",2000000,5000000,3500000.0,17645,2012,19657,0.8976446049753268,0.0,Free,True,0,0,4178,0
388410,Darksiders II Deathinitive Edition,"Gunfire Games, Vigil Games, THQ Nordic",THQ Nordic,"2,000,000 .. 5,000,000",2000000,5000000,3500000.0,14223,3887,18110,0.7853672004417449,29.99,10-30,False,0,0,78,0
544810,KARDS - The WWII Card Game,1939 Games,1939 Games,"2,000,000 .. 5,000,000",2000000,5000000,3500000.0,28543,10136,38679,0.7379456552651309,0.0,Free,True,0,0,4796,0
611500,Quake Champions,id Software,Bethesda Softworks,"2,000,000 .. 5,000,000",2000000,5000000,3500000.0,28297,10068,38365,0.737573309005604,0.0,Free,True,0,0,203,0
50,Half-Life: Opposing Force,Gearbox Software,Valve,"2,000,000 .. 5,000,000",2000000,5000000,3500000.0,24363,1198,25561,0.9531317241109503,4.99,0-10,False,0,0,74,0
1408720,Krunker,FRVR,FRVR,"2,000,000 .. 5,000,000",2000000,5000000,3500000.0,21147,5599,26746,0.7906602856501906,0.0,Free,True,0,0,32,0
310560,DiRT Rally,"Codemasters, Feral Interactive (Linux), Feral Interactive (Mac)","Codemasters, Feral Interactive (Linux), Feral Interactive (Mac), Electronic Arts","2,000,000 .. 5,000,000",2000000,5000000,3500000.0,34981,4810,39791,0.8791183936065945,0.0,Free,True,0,0,84,0
1845910,Dragon Age: The Veilguard,BioWare,Electronic Arts,"2,000,000 .. 5,000,000",2000000,5000000,3500000.0,28118,12361,40479,0.6946317843820252,59.99,30-60,False,0,0,804,0
254700,Resident Evil 4 (2005),Capcom,Capcom,"2,000,000 .. 5,000,000",2000000,5000000,3500000.0,77003,5431,82434,0.9341169905621467,4.99,0-10,False,0,0,673,75
1029690,Sniper Elite 5,Rebellion,Rebellion,"2,000,000 .. 5,000,000",2000000,5000000,3500000.0,18453,3750,22203,0.8311039048777192,49.99,30-60,False,0,0,1538,0
12220,Grand Theft Auto: Episodes from Liberty City,Rockstar North / Toronto,Rockstar Games,"2,000,000 .. 5,000,000",2000000,5000000,3500000.0,7524,2647,10171,0.7397502703765608,0.0,Free,True,0,0,0,0
815370,Green Hell,Creepy Jar,Creepy Jar,"2,000,000 .. 5,000,000",2000000,5000000,3500000.0,69304,11300,80604,0.8598084462309563,2.49,0-10,False,0,0,1656,90
308040,Back to Bed,Bedtime Digital Games,Bedtime Digital Games,"2,000,000 .. 5,000,000",2000000,5000000,3500000.0,2296,537,2833,0.8104482880338864,1.19,0-10,False,0,0,1,80
470220,UNO,Ubisoft Entertainment,Ubisoft Entertainment,"2,000,000 .. 5,000,000",2000000,5000000,3500000.0,37173,14345,51518,0.7215536317403626,9.99,0-10,False,0,0,291,0
302830,BLOCKADE 3D,Novalink,Novalink,"2,000,000 .. 5,000,000",2000000,5000000,3500000.0,14974,10584,25558,0.5858830894436184,0.0,Free,True,0,0,4,0
242920,Banished,Shining Rock Software LLC,Shining Rock Software LLC,"2,000,000 .. 5,000,000",2000000,5000000,3500000.0,38173,4073,42246,0.9035885054206315,19.99,10-30,False,0,0,477,0
236110,Dungeon Defenders II,Chromatic Games,Chromatic Games,"2,000,000 .. 5,000,000",2000000,5000000,3500000.0,16882,4941,21823,0.7735874994272098,0.0,Free,True,0,0,351,0
383870,Firewatch,Campo Santo,"Panic, Campo Santo","2,000,000 .. 5,000,000",2000000,5000000,3500000.0,81777,8661,90438,0.9042327340277317,19.99,10-30,False,0,0,81,0
1237950,STAR WARS Battlefront II,DICE,Electronic Arts,"2,000,000 .. 5,000,000",2000000,5000000,3500000.0,62342,8866,71208,0.875491517806988,39.99,30-60,False,0,0,9213,0
1399780,Spellbreak,"Proletariat, Inc.","Proletariat, Inc.","2,000,000 .. 5,000,000",2000000,5000000,3500000.0,12119,1887,14006,0.8652720262744538,0.0,Free,True,0,0,1,0
312660,Sniper Elite 4,Rebellion,Rebellion,"2,000,000 .. 5,000,000",2000000,5000000,3500000.0,53923,5232,59155,0.9115543910066773,59.99,30-60,False,0,0,541,0
502500,ACE COMBAT 7: SKIES UNKNOWN,Bandai Namco Studios Inc.,Bandai Namco Entertainment,"2,000,000 .. 5,000,000",2000000,5000000,3500000.0,42202,5990,48192,0.8757055112881806,14.99,10-30,False,0,0,340,80
632470,Disco Elysium - The Final Cut,ZA/UM,ZA/UM,"2,000,000 .. 5,000,000",2000000,5000000,3500000.0,104010,7702,111712,0.9310548553423088,39.99,30-60,False,0,0,918,0
200260,Batman: Arkham City - Game of the Year Edition,Rocksteady Studios,WB Games,"2,000,000 .. 5,000,000",2000000,5000000,3500000.0,65947,2689,68636,0.9608223089923655,19.99,10-30,False,0,0,655,0
393380,Squad,Offworld,Offworld,"2,000,000 .. 5,000,000",2000000,5000000,3500000.0,175088,35463,210551,0.8315704983590674,49.99,30-60,False,0,0,9116,0
40800,Super Meat Boy,Team Meat,,"2,000,000 .. 5,000,000",2000000,5000000,3500000.0,33571,1923,35494,0.9458218290415281,14.99,10-30,False,0,0,72,0
303390,Dead Bits,Microblast Games,SA Industry,"2,000,000 .. 5,000,000",2000000,5000000,3500000.0,5141,3408,8549,0.6013568838460639,4.99,0-10,False,0,0,2,0
280,Half-Life: Source,Valve,Valve,"2,000,000 .. 5,000,000",2000000,5000000,3500000.0,11068,4988,16056,0.6893373193821625,9.99,0-10,False,0,0,27,0
783770,Ironsight,"WipleGames Inc.,","WipleGames Inc.,","2,000,000 .. 5,000,000",2000000,5000000,3500000.0,16204,6206,22410,0.723070058009817,0.0,Free,True,0,0,64,0
212070,Star Conflict,Star Gem Inc.,Gaijin Network Ltd,"2,000,000 .. 5,000,000",2000000,5000000,3500000.0,10879,3974,14853,0.7324446239816872,0.0,Free,True,0,0,95,0
110800,L.A. Noire,"Team Bondi, Rockstar Leeds",Rockstar Games,"2,000,000 .. 5,000,000",2000000,5000000,3500000.0,29214,4812,34026,0.8585787339093635,19.99,10-30,False,0,0,150,0
41070,Serious Sam 3: BFE,Croteam,Devolver Digital,"2,000,000 .. 5,000,000",2000000,5000000,3500000.0,24491,3224,27715,0.8836731012087318,2.99,0-10,False,0,0,105,90
50300,Spec Ops: The Line,YAGER,"2K, Missing Link Games","2,000,000 .. 5,000,000",2000000,5000000,3500000.0,51267,3642,54909,0.9336720756160193,0.0,Free,True,0,0,31,0
1284210,Guild Wars 2,ArenaNet®,ArenaNet®,"2,000,000 .. 5,000,000",2000000,5000000,3500000.0,19151,2392,21543,0.8889662535394328,0.0,Free,True,0,0,3277,0
485510,Nioh: Complete Edition,"KOEI TECMO GAMES CO., LTD.","KOEI TECMO GAMES CO., LTD.","2,000,000 .. 5,000,000",2000000,5000000,3500000.0,27867,7025,34892,0.7986644503037945,7.49,0-10,False,0,0,291,85
35700,Trine Enchanted Edition,Frozenbyte,Frozenbyte,"2,000,000 .. 5,000,000",2000000,5000000,3500000.0,14696,649,15345,0.9577060931899641,2.99,0-10,False,0,0,16,80
210770,Sanctum 2,Coffee Stain Studios,Coffee Stain Publishing,"2,000,000 .. 5,000,000",2000000,5000000,3500000.0,12856,1435,14291,0.8995871527534812,2.99,0-10,False,0,0,15,80
282140,SOMA,Frictional Games,Frictional Games,"2,000,000 .. 5,000,000",2000000,5000000,3500000.0,43530,1835,45365,0.9595503141188141,29.99,10-30,False,0,0,57,0
495420,State of Decay 2: Juggernaut Edition,Undead Labs,Xbox Game Studios,"2,000,000 .. 5,000,000",2000000,5000000,3500000.0,52001,10715,62716,0.8291504560239811,5.99,0-10,False,0,0,1281,80
323580,Jotun: Valhalla Edition,Thunder Lotus,Thunder Lotus,"2,000,000 .. 5,000,000",2000000,5000000,3500000.0,6536,1905,8441,0.7743158393555266,14.99,10-30,False,0,0,3,0
225260,Brutal Legend,Double Fine Productions,"Double Fine Productions, Xbox Game Studios","2,000,000 .. 5,000,000",2000000,5000000,3500000.0,17657,1314,18971,0.9307363871171789,2.99,0-10,False,0,0,36,80
2835570,Buckshot Roulette,Mike Klubnika,CRITICAL REFLEX,"2,000,000 .. 5,000,000",2000000,5000000,3500000.0,91745,3796,95541,0.9602683664604724,2.99,0-10,False,0,0,793,0
464920,Surviving Mars,"Haemimont Games, Abstraction",Paradox Interactive,"2,000,000 .. 5,000,000",2000000,5000000,3500000.0,22472,4098,26570,0.845765901392548,29.99,10-30,False,0,0,507,0
9900,Star Trek Online,Cryptic Studios,Arc Games,"2,000,000 .. 5,000,000",2000000,5000000,3500000.0,15939,4206,20145,0.7912137006701415,0.0,Free,True,0,0,1057,0
7940,Call of Duty 4: Modern Warfare (2007),Infinity Ward,Activision,"2,000,000 .. 5,000,000",2000000,5000000,3500000.0,23438,1632,25070,0.9349022736338253,19.99,10-30,False,0,0,377,0
493340,Planet Coaster,"Frontier Developments, Aspyr (Mac)","Frontier Developments, Aspyr (Mac)","2,000,000 .. 5,000,000",2000000,5000000,3500000.0,64131,6147,70278,0.9125330828993427,44.99,30-60,False,0,0,687,0
343710,Kholat,IMGN.PRO,IMGN.PRO,"2,000,000 .. 5,000,000",2000000,5000000,3500000.0,4485,2238,6723,0.6671128960285587,19.99,10-30,False,0,0,1,0
504230,Celeste,"Maddy Makes Games Inc., Extremely OK Games, Ltd.",Maddy Makes Games Inc.,"2,000,000 .. 5,000,000",2000000,5000000,3500000.0,117545,3057,120602,0.9746521616556939,4.99,0-10,False,0,0,1174,75
265590,The Red Solstice,Ironward,Ironward,"2,000,000 .. 5,000,000",2000000,5000000,3500000.0,1772,729,2501,0.7085165933626549,9.99,0-10,False,0,0,5,0
394510,HELLDIVERS Dive Harder Edition,Arrowhead Game Studios,PlayStation Publishing LLC,"2,000,000 .. 5,000,000",2000000,5000000,3500000.0,28441,3078,31519,0.9023446175322821,19.99,10-30,False,0,0,209,0
1128810,RISK: Global Domination,SMG Studio,SMG Studio,"2,000,000 .. 5,000,000",2000000,5000000,3500000.0,31060,7783,38843,0.7996292768323765,0.0,Free,True,0,0,2153,0
325610,Total War: ATTILA,CREATIVE ASSEMBLY,SEGA,"2,000,000 .. 5,000,000",2000000,5000000,3500000.0,28785,6287,35072,0.8207401916058394,44.99,30-60,False,0,0,1422,0
1643320,S.T.A.L.K.E.R. 2: Heart of Chornobyl,GSC Game World,"GSC Game World (worldwide), SEGA (Japan), 4Divinity (China and South East Asia)","2,000,000 .. 5,000,000",2000000,5000000,3500000.0,91274,22072,113346,0.8052688228962646,59.99,30-60,False,0,0,2403,0
204450,Call of Juarez: Gunslinger,Techland,Techland Publishing,"2,000,000 .. 5,000,000",2000000,5000000,3500000.0,38679,2027,40706,0.9502039011447944,14.99,10-30,False,0,0,91,0
63380,Sniper Elite V2,Rebellion,Rebellion,"2,000,000 .. 5,000,000",2000000,5000000,3500000.0,22263,2958,25221,0.882716783632687,0.0,Free,True,0,0,34,0
268420,Aura Kingdom,X-Legend,Aeria Games,"2,000,000 .. 5,000,000",2000000,5000000,3500000.0,6676,1884,8560,0.7799065420560748,0.0,Free,True,0,0,1,0
482730,Football Manager 2017,Sports Interactive,SEGA,"2,000,000 .. 5,000,000",2000000,5000000,3500000.0,6576,4465,11041,0.5955982247984783,0.0,Free,True,0,0,388,0
360970,Heaven Forest NIGHTS,Fabio Ferrara,Chubby Pixel,"2,000,000 .. 5,000,000",2000000,5000000,3500000.0,227,112,339,0.6696165191740413,0.99,0-10,False,0,0,0,0
22370,Fallout 3: Game of the Year Edition,Bethesda Game Studios,Bethesda Softworks,"2,000,000 .. 5,000,000",2000000,5000000,3500000.0,41078,9515,50593,0.8119305042199514,19.99,10-30,False,0,0,318,0
349040,NARUTO SHIPPUDEN: Ultimate Ninja STORM 4,CyberConnect2 Co. Ltd.,BANDAI NAMCO Entertainment,"2,000,000 .. 5,000,000",2000000,5000000,3500000.0,80515,7987,88502,0.909753451899392,19.99,10-30,False,0,0,384,0
823130,Totally Accurate Battlegrounds,Landfall,Landfall,"2,000,000 .. 5,000,000",2000000,5000000,3500000.0,76919,10093,87012,0.8840045051257298,0.0,Free,True,0,0,121,0
204100,Max Payne 3,Rockstar Studios,Rockstar Games,"2,000,000 .. 5,000,000",2000000,5000000,3500000.0,49420,7656,57076,0.8658630597799425,19.99,10-30,False,0,0,197,0
1184370,Pathfinder: Wrath of the Righteous - Enhanced Edition,Owlcat Games,"META Publishing, Owlcat Games","2,000,000 .. 5,000,000",2000000,5000000,3500000.0,32303,6193,38496,0.8391261429758936,19.99,10-30,False,0,0,1874,0
640820,Pathfinder: Kingmaker — Enhanced Plus Edition,Owlcat Games,Knights Peak,"2,000,000 .. 5,000,000",2000000,5000000,3500000.0,26001,7420,33421,0.7779839023368541,19.99,10-30,False,0,0,590,0
47890,The Sims 3,"The Sims Studio, Maxis",Electronic Arts,"2,000,000 .. 5,000,000",2000000,5000000,3500000.0,28544,4366,32910,0.8673351564873899,19.99,10-30,False,0,0,1264,0
637650,FINAL FANTASY XV WINDOWS EDITION,Square Enix,Square Enix,"2,000,000 .. 5,000,000",2000000,5000000,3500000.0,44632,9056,53688,0.8313217106243481,34.99,30-60,False,0,0,339,0
703080,Planet Zoo,Frontier Developments,Frontier Developments,"2,000,000 .. 5,000,000",2000000,5000000,3500000.0,80029,7820,87849,0.9109836196200298,44.99,30-60,False,0,0,2497,0
35140,Batman: Arkham Asylum Game of the Year Edition,Rocksteady Studios,WB Games,"2,000,000 .. 5,000,000",2000000,5000000,3500000.0,70940,2711,73651,0.9631912669210194,19.99,10-30,False,0,0,601,0
460950,Katana ZERO,Askiisoft,Devolver Digital,"2,000,000 .. 5,000,000",2000000,5000000,3500000.0,69672,1397,71069,0.9803430468980849,14.99,10-30,False,0,0,82,0
50620,Darksiders,Vigil Games,THQ Nordic,"2,000,000 .. 5,000,000",2000000,5000000,3500000.0,11074,1328,12402,0.8929204966940816,19.99,10-30,False,0,0,9,0
337000,Deus Ex: Mankind Divided,"Eidos Montreal, Feral Interactive (Linux/Mac)","Eidos Interactive Corp., Feral Interactive (Linux/Mac)","2,000,000 .. 5,000,000",2000000,5000000,3500000.0,31037,9813,40850,0.7597796817625458,29.99,10-30,False,0,0,205,0
433340,Slime Rancher,Monomi Park,Monomi Park,"2,000,000 .. 5,000,000",2000000,5000000,3500000.0,135271,2826,138097,0.979536123159808,4.99,0-10,False,0,0,858,75
238010,Deus Ex: Human Revolution - Director's Cut,Eidos Montreal,Eidos Interactive Corp.,"2,000,000 .. 5,000,000",2000000,5000000,3500000.0,25909,2216,28125,0.9212088888888889,19.99,10-30,False,0,0,193,0
527230,For The King,IronOak Games,Curve Games,"2,000,000 .. 5,000,000",2000000,5000000,3500000.0,36581,4906,41487,0.881746089136356,19.99,10-30,False,0,0,428,0
39120,RIFT,gamigo US Inc.,gamigo US Inc.,"2,000,000 .. 5,000,000",2000000,5000000,3500000.0,8347,2896,11243,0.742417504224851,0.0,Free,True,0,0,139,0
307690,Sleeping Dogs: Definitive Edition,"United Front Games, Feral Interactive (Mac)","Square Enix, Feral Interactive (Mac)","2,000,000 .. 5,000,000",2000000,5000000,3500000.0,64644,4385,69029,0.9364759738660563,2.99,0-10,False,0,0,524,85
266840,Age of Mythology: Extended Edition,"SkyBox Labs, Ensemble Studios, Forgotten Empires",Xbox Game Studios,"2,000,000 .. 5,000,000",2000000,5000000,3500000.0,32895,2413,35308,0.9316585476379291,29.99,10-30,False,0,0,804,0
2054970,Dragon's Dogma 2,"CAPCOM Co., Ltd.","CAPCOM Co., Ltd.","2,000,000 .. 5,000,000",2000000,5000000,3500000.0,65154,41785,106939,0.6092632248291082,69.99,60+,False,0,0,768,0
645630,Car Mechanic Simulator 2018,Red Dot Games,PlayWay S.A.,"2,000,000 .. 5,000,000",2000000,5000000,3500000.0,47065,4456,51521,0.9135109955163914,1.99,0-10,False,0,0,202,90
300,Day of Defeat: Source,Valve,Valve,"2,000,000 .. 5,000,000",2000000,5000000,3500000.0,20798,1891,22689,0.9166556481114196,9.99,0-10,False,0,0,238,0
1790600,DRAGON BALL: Sparking! ZERO,"Spike Chunsoft Co., Ltd.",Bandai Namco Entertainment,"2,000,000 .. 5,000,000",2000000,5000000,3500000.0,58221,6959,65180,0.8932341208959803,34.99,30-60,False,0,0,949,50
368260,Marvel's Midnight Suns,Firaxis Games,2K,"2,000,000 .. 5,000,000",2000000,5000000,3500000.0,17871,4003,21874,0.8169973484502149,59.99,30-60,False,0,0,436,0
389570,Mitos.is: The Game,Freakinware Studios,Freakinware Studios,"2,000,000 .. 5,000,000",2000000,5000000,3500000.0,9560,2271,11831,0.8080466570873129,0.0,Free,True,0,0,43,0
736590,Operation: Harsh Doorstop,Drakeling Labs,"Funbox Media Ltd, ZOOM Platform Media","2,000,000 .. 5,000,000",2000000,5000000,3500000.0,14167,4253,18420,0.7691096634093377,0.0,Free,True,0,0,119,0
1637320,Dome Keeper,Bippinbits,Raw Fury,"2,000,000 .. 5,000,000",2000000,5000000,3500000.0,14952,1260,16212,0.9222797927461139,5.39,0-10,False,0,0,402,70
409720,BioShock 2 Remastered,"2K Marin, 2K China, Digital Extremes, 2K Australia, Blind Squirrel, Feral Interactive (Mac)","2K, Feral Interactive (Mac)","2,000,000 .. 5,000,000",2000000,5000000,3500000.0,18860,7762,26622,0.7084366313575239,19.99,10-30,False,0,0,198,0
975370,Dwarf Fortress,Bay 12 Games,Kitfox Games,"2,000,000 .. 5,000,000",2000000,5000000,3500000.0,27134,1445,28579,0.9494383988243116,23.99,10-30,False,0,0,915,20
15620,"Warhammer 40,000: Dawn of War II - Anniversary Edition (Classic)","Relic Entertainment, Feral Interactive (Mac/Linux)","Relic Entertainment, Feral Interactive (Mac/Linux)","2,000,000 .. 5,000,000",2000000,5000000,3500000.0,11298,1476,12774,0.8844527947393143,49.99,30-60,False,0,0,152,0
1371980,No Rest for the Wicked,Moon Studios GmbH,Moon Studios GmbH,"2,000,000 .. 5,000,000",2000000,5000000,3500000.0,39563,10970,50533,0.7829141353175153,27.99,10-30,False,0,0,947,30
993090,Lossless Scaling,THS,THS,"2,000,000 .. 5,000,000",2000000,5000000,3500000.0,22235,2653,24888,0.8934024429443909,6.99,0-10,False,0,0,5667,0
476480,Heaven Forest - VR MMO,Fabio Ferrara,Chubby Pixel,"2,000,000 .. 5,000,000",2000000,5000000,3500000.0,331,156,487,0.6796714579055442,0.99,0-10,False,0,0,1,0
65930,The Bureau: XCOM Declassified,2K Marin,2K,"2,000,000 .. 5,000,000",2000000,5000000,3500000.0,8277,3509,11786,0.7022738842694722,19.99,10-30,False,0,0,15,0
3132990,Black Myth: Wukong Benchmark Tool,Game Science,Game Science,"2,000,000 .. 5,000,000",2000000,5000000,3500000.0,4485,368,4853,0.9241706161137441,0.0,Free,True,0,0,59,0
1277400,Monster Hunter Stories 2: Wings of Ruin,"CAPCOM Co., Ltd.","CAPCOM Co., Ltd.","2,000,000 .. 5,000,000",2000000,5000000,3500000.0,13186,2801,15987,0.8247951460561707,39.99,30-60,False,0,0,118,0
2215430,Ghost of Tsushima DIRECTOR'S CUT,"Sucker Punch Productions, Nixxes Software",PlayStation Publishing LLC,"2,000,000 .. 5,000,000",2000000,5000000,3500000.0,61086,4029,65115,0.9381248560239576,59.99,30-60,False,0,0,2025,0
602960,Barotrauma,"FakeFish, Undertow Games",Daedalic Entertainment,"2,000,000 .. 5,000,000",2000000,5000000,3500000.0,70694,4640,75334,0.9384076247112857,17.49,10-30,False,0,0,2371,50
606150,Moonlighter,Digital Sun,11 bit studios,"2,000,000 .. 5,000,000",2000000,5000000,3500000.0,16395,3518,19913,0.8233314919901572,19.99,10-30,False,0,0,127,0
342200,MechWarrior Online Solaris 7,Piranha Games Inc.,Piranha Games Inc.,"2,000,000 .. 5,000,000",2000000,5000000,3500000.0,9790,2430,12220,0.8011456628477905,0.0,Free,True,0,0,392,0
1824220,Chivalry 2,Torn Banner Studios,Tripwire Presents,"2,000,000 .. 5,000,000",2000000,5000000,3500000.0,37673,9288,46961,0.8022188624603395,5.99,0-10,False,0,0,1565,85
55150,"Warhammer 40,000: Space Marine - Anniversary Edition",Relic Entertainment,Relic Entertainment,"2,000,000 .. 5,000,000",2000000,5000000,3500000.0,27915,2501,30416,0.9177735402419779,39.99,30-60,False,0,0,95,0
8980,Borderlands Game of the Year,Gearbox Software,2K,"2,000,000 .. 5,000,000",2000000,5000000,3500000.0,28944,3579,32523,0.8899548012175998,29.99,10-30,False,0,0,142,0
900883,The Elder Scrolls IV: Oblivion Game of the Year Edition Deluxe (2009),Bethesda Game Studios®,Bethesda Softworks,"2,000,000 .. 5,000,000",2000000,5000000,3500000.0,48307,2354,50661,0.953534276859912,19.99,10-30,False,0,0,0,0
312530,Duck Game,Landon Podbielski,CORPTRON GAMES CORP.,"2,000,000 .. 5,000,000",2000000,5000000,3500000.0,37172,1304,38476,0.9661087431125897,12.99,10-30,False,0,0,112,0
1139900,Ghostrunner,"One More Level, 3D Realms, Slipgate Ironworks™, All in! Games",505 Games,"2,000,000 .. 5,000,000",2000000,5000000,3500000.0,57713,5436,63149,0.9139178767676448,29.99,10-30,False,0,0,174,0
1343400,RuneScape ,Jagex Ltd,Jagex Ltd,"2,000,000 .. 5,000,000",2000000,5000000,3500000.0,20941,4397,25338,0.8264661772831321,0.0,Free,True,0,0,2496,0
738060,Freddy Fazbear's Pizzeria Simulator,Scott Cawthon,Scott Cawthon,"2,000,000 .. 5,000,000",2000000,5000000,3500000.0,28374,1835,30209,0.939256512959714,0.0,Free,True,0,0,118,0
893520,Creative Destruction,NetEase Games,NetEase Games,"2,000,000 .. 5,000,000",2000000,5000000,3500000.0,14571,3940,18511,0.7871535843552482,0.0,Free,True,0,0,0,0
234650,Shadowrun Returns,Harebrained Schemes,Paradox Interactive,"2,000,000 .. 5,000,000",2000000,5000000,3500000.0,11833,1549,13382,0.884247496637274,14.99,10-30,False,0,0,31,0
744900,Dead Frontier 2,Creaky Corpse Ltd,Creaky Corpse Ltd,"2,000,000 .. 5,000,000",2000000,5000000,3500000.0,18844,7957,26801,0.7031080929816051,0.0,Free,True,0,0,647,0
314160,Microsoft Flight Simulator X: Steam Edition,Microsoft Game Studios,Xbox Game Studios,"2,000,000 .. 5,000,000",2000000,5000000,3500000.0,22120,3483,25603,0.8639612545404836,4.99,0-10,False,0,0,486,80
1364780,Street Fighter 6,"CAPCOM Co., Ltd.","CAPCOM Co., Ltd.","2,000,000 .. 5,000,000",2000000,5000000,3500000.0,48252,8414,56666,0.851515900187061,19.99,10-30,False,0,0,14920,50
9010,Return to Castle Wolfenstein,Gray Matter Studios,Bethesda Softworks,"2,000,000 .. 5,000,000",2000000,5000000,3500000.0,7832,585,8417,0.9304978020672449,4.99,0-10,False,0,0,26,0
554620,Life is Strange: Before the Storm,"Deck Nine, Feral Interactive (Mac), Feral Interactive (Linux)","Square Enix, Feral Interactive (Mac), Feral Interactive (Linux)","2,000,000 .. 5,000,000",2000000,5000000,3500000.0,34787,2506,37293,0.9328024025956614,16.99,10-30,False,0,0,35,0
368500,Assassin's Creed Syndicate,"Ubisoft Quebec, in collaboration with Ubisoft Annecy, Bucharest, Kiev, Montreal, Montpellier, Shanghai, Singapore, Sofia, Toronto studios",Ubisoft,"2,000,000 .. 5,000,000",2000000,5000000,3500000.0,23779,5900,29679,0.8012062401024294,29.99,10-30,False,0,0,173,0
17470,Dead Space (2008),EA Redwood Shores,Electronic Arts,"2,000,000 .. 5,000,000",2000000,5000000,3500000.0,25388,2272,27660,0.9178597252349964,19.99,10-30,False,0,0,43,0
204300,Awesomenauts,Ronimo Games,Atari,"2,000,000 .. 5,000,000",2000000,5000000,3500000.0,22618,4113,26731,0.8461337024428566,19.99,10-30,False,0,0,83,0
630100,SoulWorker - Anime Action MMO,"Lion Games Co., Ltd.",Gameforge 4D GmbH,"2,000,000 .. 5,000,000",2000000,5000000,3500000.0,11048,2901,13949,0.79202810237293,0.0,Free,True,0,0,0,0
750920,Shadow of the Tomb Raider: Definitive Edition,"Eidos-Montréal, Crystal Dynamics, Nixxes, Feral Interactive (Mac), Feral interactive (Linux)","Crystal Dynamics, Feral Interactive (Mac), Feral interactive (Linux)","2,000,000 .. 5,000,000",2000000,5000000,3500000.0,66684,12759,79443,0.8393942826932518,39.99,30-60,False,0,0,582,0
436520,Line of Sight,BlackSpot Entertainment,BlackSpot Entertainment,"2,000,000 .. 5,000,000",2000000,5000000,3500000.0,5402,3653,9055,0.5965764770844837,0.0,Free,True,0,0,9,0
1659040,HITMAN World of Assassination,IO Interactive A/S,IO Interactive A/S,"2,000,000 .. 5,000,000",2000000,5000000,3500000.0,39449,6333,45782,0.8616705255340527,27.99,10-30,False,0,0,2637,60
788100,Neon Abyss,Veewo Games,"Team17, Veewo Games","2,000,000 .. 5,000,000",2000000,5000000,3500000.0,19957,3183,23140,0.8624459809853068,7.87,0-10,False,0,0,161,75
858820,Tribes of Midgard,Norsfell,Gearbox Publishing,"2,000,000 .. 5,000,000",2000000,5000000,3500000.0,17197,5278,22475,0.7651612903225806,19.99,10-30,False,0,0,113,0
680420,OUTRIDERS,People Can Fly,Square Enix,"2,000,000 .. 5,000,000",2000000,5000000,3500000.0,40267,20201,60468,0.6659224713898261,19.99,10-30,False,0,0,178,0
678960,CODE VEIN,Bandai Namco Studios,Bandai Namco Entertainment,"2,000,000 .. 5,000,000",2000000,5000000,3500000.0,48327,8991,57318,0.8431382811682194,5.99,0-10,False,0,0,443,90
1611910,"Warhammer 40,000: Chaos Gate - Daemonhunters",Complex Games,Frontier Foundry,"2,000,000 .. 5,000,000",2000000,5000000,3500000.0,10162,2945,13107,0.7753109025711452,44.99,30-60,False,0,0,373,0
206440,To the Moon,Freebird Games,"Freebird Games, Serenity Forge","2,000,000 .. 5,000,000",2000000,5000000,3500000.0,77246,3015,80261,0.9624350556310038,9.99,0-10,False,0,0,86,0
613010,Secret in Story,Naivus Luo,Naivus Luo,"2,000,000 .. 5,000,000",2000000,5000000,3500000.0,79,35,114,0.6929824561403509,0.99,0-10,False,0,0,0,0
424280,Iron Snout,SnoutUp,SnoutUp,"2,000,000 .. 5,000,000",2000000,5000000,3500000.0,16955,391,17346,0.9774587801222184,0.0,Free,True,0,0,13,0
212160,Vindictus,devCAT,NEXON Korea Corp. &amp; NEXON America Inc.,"2,000,000 .. 5,000,000",2000000,5000000,3500000.0,5300,2563,7863,0.6740429861376065,0.0,Free,True,0,0,141,0
1030830,Mafia II: Definitive Edition,"Hangar 13, D3T",2K,"2,000,000 .. 5,000,000",2000000,5000000,3500000.0,21955,8309,30264,0.7254493787998942,5.99,0-10,False,0,0,538,80
365450,Hacknet,Team Fractal Alligator,Fellow Traveller,"2,000,000 .. 5,000,000",2000000,5000000,3500000.0,23511,1604,25115,0.9361337845908819,1.49,0-10,False,0,0,31,85
302510,Ryse: Son of Rome,Crytek,Crytek ,"2,000,000 .. 5,000,000",2000000,5000000,3500000.0,35415,5411,40826,0.867461911526968,3.49,0-10,False,0,0,83,65
22330,The Elder Scrolls IV: Oblivion Game of the Year Edition (2009),Bethesda Game Studios,Bethesda Softworks,"2,000,000 .. 5,000,000",2000000,5000000,3500000.0,48307,2354,50661,0.953534276859912,14.99,10-30,False,0,0,1156,0
1687950,Persona 5 Royal,ATLUS,SEGA,"2,000,000 .. 5,000,000",2000000,5000000,3500000.0,99657,3487,103144,0.9661928953695804,59.99,30-60,False,0,0,4994,0
238370,Magicka 2,Pieces Interactive,Paradox Interactive,"2,000,000 .. 5,000,000",2000000,5000000,3500000.0,11061,2330,13391,0.826002539018744,14.99,10-30,False,0,0,26,0
113020,Monaco: What's Yours Is Mine,Pocketwatch Games,Balor Games,"2,000,000 .. 5,000,000",2000000,5000000,3500000.0,7728,800,8528,0.9061913696060038,14.99,10-30,False,0,0,6,0
3070070,TCG Card Shop Simulator,OPNeon Games,OPNeon Games,"2,000,000 .. 5,000,000",2000000,5000000,3500000.0,38392,1107,39499,0.9719739740246589,12.99,10-30,False,0,0,1661,0
977950,A Dance of Fire and Ice,7th Beat Games,"7th Beat Games, indienova","2,000,000 .. 5,000,000",2000000,5000000,3500000.0,69052,4419,73471,0.9398538198745083,5.99,0-10,False,0,0,1870,0
6860,Hitman: Blood Money,Io-Interactive A/S,Io-Interactive A/S,"2,000,000 .. 5,000,000",2000000,5000000,3500000.0,13213,821,14034,0.9414992161892547,9.99,0-10,False,0,0,66,0
1057240,Crucible Beta,Relentless Studios,Amazon Games,"2,000,000 .. 5,000,000",2000000,5000000,3500000.0,4624,6120,10744,0.43037974683544306,0.0,Free,True,0,0,0,0
268050,The Evil Within,Tango Gameworks,Bethesda Softworks,"2,000,000 .. 5,000,000",2000000,5000000,3500000.0,25820,4485,30305,0.8520046196997195,19.99,10-30,False,0,0,211,0
511470,Glass Masquerade,Onyx Lute,Onyx Lute,"2,000,000 .. 5,000,000",2000000,5000000,3500000.0,6405,202,6607,0.9694263659754806,4.99,0-10,False,0,0,11,0
389430,Knight Online,"Noah System, Mgame",NTTGame,"2,000,000 .. 5,000,000",2000000,5000000,3500000.0,5482,5404,10886,0.5035825831343009,0.0,Free,True,0,0,1421,0
289130,ENDLESS Legend,AMPLITUDE Studios,AMPLITUDE Studios,"2,000,000 .. 5,000,000",2000000,5000000,3500000.0,15589,3042,18631,0.8367237400032205,7.49,0-10,False,0,0,173,75
488790,South Park: The Fractured But Whole,Ubisoft San Francisco,Ubisoft,"2,000,000 .. 5,000,000",2000000,5000000,3500000.0,24764,4520,29284,0.8456495014342303,29.99,10-30,False,0,0,250,0
493520,GTFO,10 Chambers,10 Chambers,"2,000,000 .. 5,000,000",2000000,5000000,3500000.0,52357,9740,62097,0.8431486223166981,39.99,30-60,False,0,0,307,0
546560,Half-Life: Alyx,Valve,Valve,"2,000,000 .. 5,000,000",2000000,5000000,3500000.0,95555,1674,97229,0.9827829145625276,59.99,30-60,False,0,0,202,0
439190,Stories: The Path of Destinies,Spearhead Games,Spearhead Games,"2,000,000 .. 5,000,000",2000000,5000000,3500000.0,5754,767,6521,0.8823800030670143,14.99,10-30,False,0,0,3,0
67370,The Darkness II,Digital Extremes,2K,"2,000,000 .. 5,000,000",2000000,5000000,3500000.0,18121,1651,19772,0.9164980780902287,2.99,0-10,False,0,0,19,90
845070,The Awesome Adventures of Captain Spirit,DONTNOD Entertainment,Square Enix,"2,000,000 .. 5,000,000",2000000,5000000,3500000.0,13218,1036,14254,0.9273186473972218,0.0,Free,True,0,0,16,0
453480,Shadowverse CCG,"Cygames, Inc.","Cygames, Inc., Cygames Korea Inc.","2,000,000 .. 5,000,000",2000000,5000000,3500000.0,10839,3875,14714,0.7366453717547914,0.0,Free,True,0,0,1122,0
633230,NARUTO TO BORUTO: SHINOBI STRIKER,Soleil Ltd.,Bandai Namco Entertainment,"2,000,000 .. 5,000,000",2000000,5000000,3500000.0,47138,8892,56030,0.8412993039443155,9.99,0-10,False,0,0,255,75
32370,STAR WARS Knights of the Old Republic,"BioWare, Aspyr (Mac)","LucasArts, Aspyr (Mac), Disney, Lucasfilm","2,000,000 .. 5,000,000",2000000,5000000,3500000.0,28928,2810,31738,0.9114626000378095,9.99,0-10,False,0,0,424,0
476600,Call of Duty: WWII,"Sledgehammer Games, Raven Software",Activision,"2,000,000 .. 5,000,000",2000000,5000000,3500000.0,30055,13278,43333,0.693582258325064,59.99,30-60,False,0,0,298,0
1404210,Red Dead Online,Rockstar Games,Rockstar Games,"2,000,000 .. 5,000,000",2000000,5000000,3500000.0,55526,11255,66781,0.8314640391728186,9.99,0-10,False,0,0,2207,50
1557740,ROUNDS,Landfall,Landfall,"2,000,000 .. 5,000,000",2000000,5000000,3500000.0,34893,1765,36658,0.9518522559877789,2.99,0-10,False,0,0,555,50
1619450,Heart of a Warrior,Techworld Communication,Techworld Communication ,"2,000,000 .. 5,000,000",2000000,5000000,3500000.0,0,1,1,0.0,10.99,10-30,False,0,0,0,0
683320,GRIS,Nomada Studio,Devolver Digital,"2,000,000 .. 5,000,000",2000000,5000000,3500000.0,80404,3044,83448,0.9635221934617966,14.99,10-30,False,0,0,67,0
2551020,One-armed robber,Duhndal,Duhndal,"2,000,000 .. 5,000,000",2000000,5000000,3500000.0,35393,3335,38728,0.9138865936789919,0.0,Free,True,0,0,786,0
1536610,OpenTTD,OpenTTD,OpenTTD,"1,000,000 .. 2,000,000",1000000,2000000,1500000.0,13845,549,14394,0.9618591079616506,0.0,Free,True,0,0,445,0
386940,Ultimate Chicken Horse,Clever Endeavour Games,Clever Endeavour Games,"1,000,000 .. 2,000,000",1000000,2000000,1500000.0,46319,1981,48300,0.9589855072463768,14.99,10-30,False,0,0,350,0
346010,Besiege,Spiderling Studios,Spiderling Studios,"1,000,000 .. 2,000,000",1000000,2000000,1500000.0,47491,2263,49754,0.954516219801423,14.99,10-30,False,0,0,243,0
924970,Back 4 Blood,Turtle Rock Studios,Warner Bros. Games,"1,000,000 .. 2,000,000",1000000,2000000,1500000.0,46833,21608,68441,0.6842828129337678,59.99,30-60,False,0,0,1288,0
349700,Romero's Aftermath,Free Reign Entertainment,"OP Productions LLC, Free Reign East LLC","1,000,000 .. 2,000,000",1000000,2000000,1500000.0,5385,5693,11078,0.48609857374977433,0.0,Free,True,0,0,0,0
208140,ENDLESS Space - Definitive Edition,AMPLITUDE Studios,AMPLITUDE Studios,"1,000,000 .. 2,000,000",1000000,2000000,1500000.0,7540,1824,9364,0.8052114480991029,2.49,0-10,False,0,0,106,75
206500,AirMech Strike,Carbon Games,Carbon Games,"1,000,000 .. 2,000,000",1000000,2000000,1500000.0,8984,1695,10679,0.8412772731529169,0.0,Free,True,0,0,30,0
57690,Tropico 4,Haemimont Games,Kalypso Media Digital,"1,000,000 .. 2,000,000",1000000,2000000,1500000.0,11400,1027,12427,0.9173573670234167,14.99,10-30,False,0,0,87,0
2322010,God of War Ragnarök,"Santa Monica Studio, Jetpack Interactive",PlayStation Publishing LLC,"1,000,000 .. 2,000,000",1000000,2000000,1500000.0,27127,4261,31388,0.8642474831145661,59.99,30-60,False,0,0,1591,0
274940,Depth,Ammobox Studios,Ammobox Studios,"1,000,000 .. 2,000,000",1000000,2000000,1500000.0,28701,3964,32665,0.8786468697382519,19.99,10-30,False,0,0,13,0
412220,DDraceNetwork,DDNet Team,DDNet Team,"1,000,000 .. 2,000,000",1000000,2000000,1500000.0,33440,4010,37450,0.8929238985313752,0.0,Free,True,0,0,2679,0
1290000,PowerWash Simulator,FuturLab,FuturLab,"1,000,000 .. 2,000,000",1000000,2000000,1500000.0,50767,1643,52410,0.9686510207975577,24.99,10-30,False,0,0,2547,0
1286680,Tiny Tina's Wonderlands,Gearbox Software,2K,"1,000,000 .. 2,000,000",1000000,2000000,1500000.0,15933,6053,21986,0.7246884380969708,59.99,30-60,False,0,0,866,0
39500,Gothic 3,Piranha Bytes,THQ Nordic,"1,000,000 .. 2,000,000",1000000,2000000,1500000.0,9244,2120,11364,0.8134459697289687,19.99,10-30,False,0,0,173,0
872790,Football Manager 2019,Sports Interactive,SEGA,"1,000,000 .. 2,000,000",1000000,2000000,1500000.0,10827,1653,12480,0.8675480769230769,0.0,Free,True,0,0,581,0
291650,Pillars of Eternity,Obsidian Entertainment,Xbox Game Studios,"1,000,000 .. 2,000,000",1000000,2000000,1500000.0,21751,2899,24650,0.882393509127789,15.99,10-30,False,0,0,204,60
17330,Crysis Warhead,Crytek,Electronic Arts,"1,000,000 .. 2,000,000",1000000,2000000,1500000.0,3280,544,3824,0.8577405857740585,19.99,10-30,False,0,0,5,0
1533390,Gorilla Tag,Another Axiom Inc.,Another Axiom Inc.,"1,000,000 .. 2,000,000",1000000,2000000,1500000.0,64966,6197,71163,0.9129182299790621,19.99,10-30,False,0,0,852,0
606280,Darksiders III,Gunfire Games,THQ Nordic,"1,000,000 .. 2,000,000",1000000,2000000,1500000.0,11626,3571,15197,0.7650194117259985,39.99,30-60,False,0,0,52,0
10500,Total War: EMPIRE – Definitive Edition,"CREATIVE ASSEMBLY, Feral Interactive (Mac), Feral Interactive (Linux)","SEGA, Feral Interactive (Mac), Feral Interactive (Linux)","1,000,000 .. 2,000,000",1000000,2000000,1500000.0,32211,3269,35480,0.9078635851183765,24.99,10-30,False,0,0,2028,0
1476970,Legends of IdleOn - Idle MMO,Lavaflame2,Lavaflame2,"1,000,000 .. 2,000,000",1000000,2000000,1500000.0,17310,4406,21716,0.7971081230429177,0.0,Free,True,0,0,11081,0
1262580,Need for Speed Payback,Ghost Games,Electronic Arts,"1,000,000 .. 2,000,000",1000000,2000000,1500000.0,24868,4186,29054,0.8559234528808426,29.99,10-30,False,0,0,204,0
246620,Plague Inc: Evolved,Ndemic Creations,Ndemic Creations,"1,000,000 .. 2,000,000",1000000,2000000,1500000.0,52571,3093,55664,0.9444344639264156,14.99,10-30,False,0,0,1494,0
319830,AX:EL - Air XenoDawn,Alex Piola,KISS ltd,"1,000,000 .. 2,000,000",1000000,2000000,1500000.0,899,293,1192,0.7541946308724832,0.0,Free,True,0,0,4,0
324800,Shadow Warrior 2,Flying Wild Hog,Devolver Digital,"1,000,000 .. 2,000,000",1000000,2000000,1500000.0,23758,3472,27230,0.8724935732647815,29.99,10-30,False,0,0,61,0
341800,Keep Talking and Nobody Explodes,Steel Crate Games,Steel Crate Games,"1,000,000 .. 2,000,000",1000000,2000000,1500000.0,15346,401,15747,0.974534832031498,14.99,10-30,False,0,0,148,0
322500,SUPERHOT,SUPERHOT Team,SUPERHOT Team,"1,000,000 .. 2,000,000",1000000,2000000,1500000.0,35390,3386,38776,0.9126779451206932,24.99,10-30,False,0,0,43,0
939960,Far Cry New Dawn,"Ubisoft Montreal, Ubisoft Kiev, Ubisoft Shanghai",Ubisoft,"1,000,000 .. 2,000,000",1000000,2000000,1500000.0,24362,7819,32181,0.7570305459743327,39.99,30-60,False,0,0,215,0
239820,Game Dev Tycoon,Greenheart Games,Greenheart Games,"1,000,000 .. 2,000,000",1000000,2000000,1500000.0,34126,1657,35783,0.9536930944862085,9.99,0-10,False,0,0,157,0
509980,BIGFOOT,CyberLight Game Studio,CyberLight Game Studio,"1,000,000 .. 2,000,000",1000000,2000000,1500000.0,17125,3741,20866,0.8207131218249785,19.99,10-30,False,0,0,121,0
364360,Total War: WARHAMMER,"CREATIVE ASSEMBLY, Feral Interactive (Linux), Feral Interactive (Mac)","SEGA, Feral Interactive (Linux), Feral Interactive (Mac)","1,000,000 .. 2,000,000",1000000,2000000,1500000.0,40889,11533,52422,0.7799969478463241,59.99,30-60,False,0,0,297,0
492720,Tropico 6,"Limbic Entertainment, Realmforge Studios",Kalypso Media,"1,000,000 .. 2,000,000",1000000,2000000,1500000.0,23776,3415,27191,0.8744069728954433,11.99,10-30,False,0,0,575,70
12110,Grand Theft Auto: Vice City,Rockstar Games,Rockstar Games,"1,000,000 .. 2,000,000",1000000,2000000,1500000.0,27142,2134,29276,0.9271075283508676,0.0,Free,True,0,0,113,0
460790,Bayonetta,PlatinumGames,SEGA,"1,000,000 .. 2,000,000",1000000,2000000,1500000.0,26797,2156,28953,0.9255344869270887,19.99,10-30,False,0,0,109,0
1213210,Command & Conquer Remastered Collection,"Petroglyph, Lemon Sky Studios",Electronic Arts,"1,000,000 .. 2,000,000",1000000,2000000,1500000.0,29891,3069,32960,0.9068871359223301,19.99,10-30,False,0,0,564,0
627690,Idle Champions of the Forgotten Realms,Codename Entertainment Inc.,Codename Entertainment Inc.,"1,000,000 .. 2,000,000",1000000,2000000,1500000.0,11212,3268,14480,0.7743093922651934,0.0,Free,True,0,0,3034,0
569480,Kingdoms and Castles,"Lion Shield, LLC","Lion Shield, LLC","1,000,000 .. 2,000,000",1000000,2000000,1500000.0,27743,1972,29715,0.9336362106680128,19.99,10-30,False,0,0,317,0
2021910,FPS Chess,Meta Fork,DigiPen Institute of Technology,"1,000,000 .. 2,000,000",1000000,2000000,1500000.0,31223,5909,37132,0.8408650220833782,0.0,Free,True,0,0,228,0
242860,Verdun,BlackMill Games,BlackMill Games,"1,000,000 .. 2,000,000",1000000,2000000,1500000.0,32142,5175,37317,0.8613232574965833,11.99,10-30,False,0,0,64,80
239160,Thief,"Eidos-Montréal, Feral Interactive (Mac)","Eidos Interactive Corp., Feral Interactive (Mac)","1,000,000 .. 2,000,000",1000000,2000000,1500000.0,17337,5926,23263,0.7452607144392382,19.99,10-30,False,0,0,110,0
391460,WARMODE,Novalink,Novalink,"1,000,000 .. 2,000,000",1000000,2000000,1500000.0,10255,6275,16530,0.6203871748336358,0.0,Free,True,0,0,2,0
636480,Ravenfield,SteelRaven7,SteelRaven7,"1,000,000 .. 2,000,000",1000000,2000000,1500000.0,71341,2264,73605,0.9692412200258135,17.99,10-30,False,0,0,617,0
2100,Dark Messiah of Might & Magic,Arkane Studios,Ubisoft,"1,000,000 .. 2,000,000",1000000,2000000,1500000.0,9813,951,10764,0.9116499442586399,9.99,0-10,False,0,0,45,0
228280,Baldur's Gate: Enhanced Edition,Beamdog,Beamdog,"1,000,000 .. 2,000,000",1000000,2000000,1500000.0,15123,1275,16398,0.9222466154409075,19.99,10-30,False,0,0,378,0
21690,Resident Evil 5,Capcom,Capcom,"1,000,000 .. 2,000,000",1000000,2000000,1500000.0,42807,6310,49117,0.8715312417289329,4.99,0-10,False,0,0,566,75
2420510,HoloCure - Save the Fans!,KayAnimate,KayAnimate,"1,000,000 .. 2,000,000",1000000,2000000,1500000.0,37623,363,37986,0.9904438477333755,0.0,Free,True,0,0,645,0
629730,Blade and Sorcery,WarpFrog,WarpFrog,"1,000,000 .. 2,000,000",1000000,2000000,1500000.0,55566,1919,57485,0.9666173784465513,29.99,10-30,False,0,0,657,0
113420,Fallen Earth Free2Play,Little Orbit,Little Orbit,"1,000,000 .. 2,000,000",1000000,2000000,1500000.0,4484,3047,7531,0.5954056566193069,0.0,Free,True,0,0,1,0
304240,Resident Evil,"CAPCOM Co., Ltd.","CAPCOM Co., Ltd.","1,000,000 .. 2,000,000",1000000,2000000,1500000.0,24613,2154,26767,0.9195277767400157,4.99,0-10,False,0,0,186,75
269210,Hero Siege,Panic Art Studios Ltd,Panic Art Studios Ltd,"1,000,000 .. 2,000,000",1000000,2000000,1500000.0,29813,13699,43512,0.6851673101673101,7.99,0-10,False,0,0,369,0
706990,BLOCKPOST,Skullcap Studios,Skullcap Studios,"1,000,000 .. 2,000,000",1000000,2000000,1500000.0,12342,4219,16561,0.7452448523639876,0.0,Free,True,0,0,13,0
621060,PC Building Simulator,"Claudiu Kiss, The Irregular Corporation",The Irregular Corporation,"1,000,000 .. 2,000,000",1000000,2000000,1500000.0,48356,3299,51655,0.936133965734198,19.99,10-30,False,0,0,132,0
48190,Assassin’s Creed Brotherhood,Ubisoft Montreal,Ubisoft,"1,000,000 .. 2,000,000",1000000,2000000,1500000.0,20484,2652,23136,0.8853734439834025,19.99,10-30,False,0,0,169,0
638970,Yakuza 0,Ryu Ga Gotoku Studio,SEGA,"1,000,000 .. 2,000,000",1000000,2000000,1500000.0,70292,3189,73481,0.9566010261155945,10.99,10-30,False,0,0,550,45
24010,Train Simulator Classic,Dovetail Games,"Dovetail Games - Trains, Dovetail Games","1,000,000 .. 2,000,000",1000000,2000000,1500000.0,20015,8172,28187,0.7100791144854011,29.99,10-30,False,0,0,503,0
228380,Wreckfest,Bugbear,THQ Nordic,"1,000,000 .. 2,000,000",1000000,2000000,1500000.0,34031,4586,38617,0.8812440117046897,29.99,10-30,False,0,0,328,0
327690,Gigantic,Motiga Inc.,Perfect World Entertainment,"1,000,000 .. 2,000,000",1000000,2000000,1500000.0,5759,1731,7490,0.7688918558077437,0.0,Free,True,0,0,0,0
417860,Emily is Away,Kyle Seeley,Kyle Seeley,"1,000,000 .. 2,000,000",1000000,2000000,1500000.0,28260,3636,31896,0.8860045146726863,0.0,Free,True,0,0,9,0
1262350,SIGNALIS,rose-engine,Balor Games,"1,000,000 .. 2,000,000",1000000,2000000,1500000.0,25320,837,26157,0.9680009175364147,19.99,10-30,False,0,0,108,0
1058020,"STAR WARS Battlefront (Classic, 2004)",Pandemic Studios,"Lucasfilm, LucasArts, Disney","1,000,000 .. 2,000,000",1000000,2000000,1500000.0,4186,153,4339,0.9647384189905508,9.99,0-10,False,0,0,50,0
582160,Assassin's Creed Origins,Ubisoft Montreal,Ubisoft,"1,000,000 .. 2,000,000",1000000,2000000,1500000.0,97301,16195,113496,0.857307746528512,59.99,30-60,False,0,0,1604,0
287450,Rise of Nations: Extended Edition,"SkyBox Labs, Big Huge Games",Xbox Game Studios,"1,000,000 .. 2,000,000",1000000,2000000,1500000.0,13962,782,14744,0.9469614758545849,6.59,0-10,False,0,0,522,67
582500,We Were Here,Total Mayhem Games,Total Mayhem Games,"1,000,000 .. 2,000,000",1000000,2000000,1500000.0,27014,2983,29997,0.9005567223389006,0.0,Free,True,0,0,142,0
442080,Riders of Icarus,"WeMade, VALOFE",VALOFE,"1,000,000 .. 2,000,000",1000000,2000000,1500000.0,7083,3643,10726,0.6603580085772889,0.0,Free,True,0,0,4,0
519860,DUSK,David Szymanski,New Blood Interactive,"1,000,000 .. 2,000,000",1000000,2000000,1500000.0,22830,639,23469,0.9727725936341557,19.99,10-30,False,0,0,36,0
22320,The Elder Scrolls III: Morrowind Game of the Year Edition,Bethesda Game Studios,Bethesda Softworks,"1,000,000 .. 2,000,000",1000000,2000000,1500000.0,25172,1212,26384,0.9540630685263797,14.99,10-30,False,0,0,635,0
704270,Generation Zero,Systemic Reaction™,Avalanche Studios,"1,000,000 .. 2,000,000",1000000,2000000,1500000.0,29053,11451,40504,0.717287181512937,24.99,10-30,False,0,0,234,0
40990,Mafia,Illusion Softworks,2K,"1,000,000 .. 2,000,000",1000000,2000000,1500000.0,13346,1911,15257,0.8747460182211444,4.94,0-10,False,0,0,59,67
1627140,Sabre Team,Krisalis Software,Ziggurat,"1,000,000 .. 2,000,000",1000000,2000000,1500000.0,2,2,4,0.5,6.99,0-10,False,0,0,0,0
612880,Wolfenstein II: The New Colossus,MachineGames,Bethesda Softworks,"1,000,000 .. 2,000,000",1000000,2000000,1500000.0,36084,8413,44497,0.8109310740049891,39.99,30-60,False,0,0,290,0
638070,Murderous Pursuits,Blazing Griffin,Blazing Griffin,"1,000,000 .. 2,000,000",1000000,2000000,1500000.0,1794,1022,2816,0.6370738636363636,9.99,0-10,False,0,0,3,0
3146520,WEBFISHING,lamedeveloper,lamedeveloper,"1,000,000 .. 2,000,000",1000000,2000000,1500000.0,64473,1337,65810,0.9796839386111533,4.99,0-10,False,0,0,686,0
537180,Digimon Masters Online,"Move Games Co., Ltd.",MOVE ON USA CO.,"1,000,000 .. 2,000,000",1000000,2000000,1500000.0,5461,2664,8125,0.6721230769230769,0.0,Free,True,0,0,236,0
232890,Stronghold Crusader 2,Firefly Studios,Firefly Studios,"1,000,000 .. 2,000,000",1000000,2000000,1500000.0,12328,4754,17082,0.7216953518323381,39.99,30-60,False,0,0,217,0
6000,STAR WARS Republic Commando,LucasArts,"LucasArts, Lucasfilm, Disney","1,000,000 .. 2,000,000",1000000,2000000,1500000.0,15357,687,16044,0.9571802543006731,9.99,0-10,False,0,0,68,0
1049410,Superliminal,Pillow Castle,Pillow Castle,"1,000,000 .. 2,000,000",1000000,2000000,1500000.0,28522,1629,30151,0.9459719412291466,7.99,0-10,False,0,0,65,60
1343370,Old School RuneScape,Jagex Ltd,Jagex Ltd,"1,000,000 .. 2,000,000",1000000,2000000,1500000.0,15244,3091,18335,0.8314153258794655,0.0,Free,True,0,0,1050,0
1238860,Battlefield 4,DICE,Electronic Arts,"1,000,000 .. 2,000,000",1000000,2000000,1500000.0,60650,10498,71148,0.8524484173834823,39.99,30-60,False,0,0,1153,0
961200,Predecessor,Omeda Studios,Omeda Studios,"1,000,000 .. 2,000,000",1000000,2000000,1500000.0,10260,3776,14036,0.7309774864633799,0.0,Free,True,0,0,1816,0
102600,Orcs Must Die!,Robot Entertainment,Robot Entertainment,"1,000,000 .. 2,000,000",1000000,2000000,1500000.0,7856,333,8189,0.9593356942239589,2.49,0-10,False,0,0,20,75
2527500,MiSide,AIHASTO,"IndieArk, Shochiku (Japan)","1,000,000 .. 2,000,000",1000000,2000000,1500000.0,108883,2204,111087,0.9801596946537399,14.99,10-30,False,0,0,631,0
870780,CONTROL Ultimate Edition,Remedy Entertainment,Remedy Entertainment,"1,000,000 .. 2,000,000",1000000,2000000,1500000.0,44045,6403,50448,0.8730772280367903,3.99,0-10,False,0,0,648,90
24980,Mass Effect 2 (2010 Edition),BioWare,Electronic Arts,"1,000,000 .. 2,000,000",1000000,2000000,1500000.0,14623,920,15543,0.9408093675609599,0.0,Free,True,0,0,8,0
312520,Rain World,Videocult,Akupara Games,"1,000,000 .. 2,000,000",1000000,2000000,1500000.0,39787,2490,42277,0.9411027272512241,11.24,10-30,False,0,0,836,55
285190,"Warhammer 40,000: Dawn of War III","Relic Entertainment, Feral Interactive (Mac), Feral Interactive (Linux)","Relic Entertainment, Feral Interactive (Mac), Feral Interactive (Linux)","1,000,000 .. 2,000,000",1000000,2000000,1500000.0,10879,11638,22517,0.48314606741573035,39.99,30-60,False,0,0,88,0
202170,Sleeping Dogs,United Front Games,Square Enix,"1,000,000 .. 2,000,000",1000000,2000000,1500000.0,16134,950,17084,0.9443924139545774,0.0,Free,True,0,0,18,0
235600,Tom Clancy’s Splinter Cell Blacklist,Ubisoft Toronto,Ubisoft,"1,000,000 .. 2,000,000",1000000,2000000,1500000.0,15918,3989,19907,0.7996182247450645,19.99,10-30,False,0,0,43,0
34030,Total War: NAPOLEON – Definitive Edition,"CREATIVE ASSEMBLY, Feral Interactive (Mac)","SEGA, Feral Interactive (Mac)","1,000,000 .. 2,000,000",1000000,2000000,1500000.0,23179,2186,25365,0.9138182534989159,24.99,10-30,False,0,0,929,0
459820,Crush Crush,Sad Panda Studios,Sad Panda Studios,"1,000,000 .. 2,000,000",1000000,2000000,1500000.0,24246,2949,27195,0.8915609487038059,0.0,Free,True,0,0,892,0
47810,Dragon Age: Origins - Ultimate Edition,BioWare,Electronic Arts,"1,000,000 .. 2,000,000",1000000,2000000,1500000.0,24599,3813,28412,0.8657961424750106,29.99,10-30,False,0,0,394,0
1313860,EA SPORTS FIFA 21,EA Canada,Electronic Arts,"1,000,000 .. 2,000,000",1000000,2000000,1500000.0,42906,13377,56283,0.7623261020201482,0.0,Free,True,0,0,138,0
280790,Creativerse,Playful Corp.,Playful Corp.,"1,000,000 .. 2,000,000",1000000,2000000,1500000.0,24051,6924,30975,0.7764648910411622,24.99,10-30,False,0,0,35,0
2280,DOOM + DOOM II,"id Software, Nightdive Studios",Bethesda,"1,000,000 .. 2,000,000",1000000,2000000,1500000.0,24105,879,24984,0.9648174831892411,9.99,0-10,False,0,0,345,0
637090,BATTLETECH,Harebrained Schemes,Paradox Interactive,"1,000,000 .. 2,000,000",1000000,2000000,1500000.0,26438,5125,31563,0.8376263346323226,39.99,30-60,False,0,0,1446,0
690790,DiRT Rally 2.0,Codemasters,"Codemasters, Electronic Arts","1,000,000 .. 2,000,000",1000000,2000000,1500000.0,39383,5212,44595,0.8831259109765669,19.99,10-30,False,0,0,631,0
704850,Thief Simulator,Noble Muffins,PlayWay S.A.,"1,000,000 .. 2,000,000",1000000,2000000,1500000.0,31601,4206,35807,0.882536934119027,1.99,0-10,False,0,0,243,90
424370,Wolcen: Lords of Mayhem,WOLCEN Studio,WOLCEN Studio,"1,000,000 .. 2,000,000",1000000,2000000,1500000.0,37846,29831,67677,0.5592150952317626,29.99,10-30,False,0,0,30,0
851850,DRAGON BALL Z: KAKAROT,CyberConnect2 Co. Ltd.,Bandai Namco Entertainment Inc.,"1,000,000 .. 2,000,000",1000000,2000000,1500000.0,50976,3704,54680,0.9322604242867594,14.99,10-30,False,0,0,264,25
243470,Watch_Dogs,Ubisoft,Ubisoft,"1,000,000 .. 2,000,000",1000000,2000000,1500000.0,35770,9953,45723,0.782319620322376,19.99,10-30,False,0,0,388,0
1384160,GUILTY GEAR -STRIVE-,Arc System Works,Arc System Works,"1,000,000 .. 2,000,000",1000000,2000000,1500000.0,52377,7005,59382,0.8820349600889158,39.99,30-60,False,0,0,2463,0
491950,Orwell: Keeping an Eye On You,Osmotic Studios,Daedalic Entertainment,"1,000,000 .. 2,000,000",1000000,2000000,1500000.0,13540,1414,14954,0.9054433596362177,2.49,0-10,False,0,0,14,75
2622000,Astral Party ,STAR ENGINE PROJECT,Neverland Entertainment,"1,000,000 .. 2,000,000",1000000,2000000,1500000.0,9547,7422,16969,0.5626141787966291,0.0,Free,True,0,0,3227,0
1061910,Metal: Hellsinger,The Outsiders,Funcom,"1,000,000 .. 2,000,000",1000000,2000000,1500000.0,15140,626,15766,0.960294304198909,29.99,10-30,False,0,0,45,0
247080,Crypt of the NecroDancer,Brace Yourself Games,"Brace Yourself Games, Klei Entertainment","1,000,000 .. 2,000,000",1000000,2000000,1500000.0,24053,1063,25116,0.957676381589425,14.99,10-30,False,0,0,114,0
392110,ENDLESS Space 2,AMPLITUDE Studios,AMPLITUDE Studios,"1,000,000 .. 2,000,000",1000000,2000000,1500000.0,18526,3664,22190,0.8348805768364128,9.99,0-10,False,0,0,359,75
47830,Medal of Honor,Electronic Arts,Electronic Arts,"1,000,000 .. 2,000,000",1000000,2000000,1500000.0,3382,1403,4785,0.7067920585161964,19.99,10-30,False,0,0,1,0
9340,Company of Heroes: Opposing Fronts,Relic Entertainment,SEGA,"1,000,000 .. 2,000,000",1000000,2000000,1500000.0,1045,93,1138,0.9182776801405975,19.99,10-30,False,0,0,19,0
214420,Gear Up,Doctor Entertainment AB,Doctor Entertainment AB,"1,000,000 .. 2,000,000",1000000,2000000,1500000.0,6243,2119,8362,0.7465917244678306,0.0,Free,True,0,0,4,0
438040,Shakes and Fidget,Playa Games GmbH,Playa Games GmbH,"1,000,000 .. 2,000,000",1000000,2000000,1500000.0,33837,2756,36593,0.9246850490530976,0.0,Free,True,0,0,1389,0
752590,A Plague Tale: Innocence,Asobo Studio,Focus Entertainment,"1,000,000 .. 2,000,000",1000000,2000000,1500000.0,58909,4133,63042,0.9344405317090194,7.99,0-10,False,0,0,145,80
736220,Squad 44,Offworld,Offworld,"1,000,000 .. 2,000,000",1000000,2000000,1500000.0,18508,6156,24664,0.7504054492377554,19.99,10-30,False,0,0,143,0
933110,Age of Empires III: Definitive Edition,"World's Edge, Tantalus Media, Forgotten Empires",Xbox Game Studios,"1,000,000 .. 2,000,000",1000000,2000000,1500000.0,40941,7401,48342,0.8469033138885441,0.0,Free,True,0,0,3016,0
24200,DC Universe Online,Dimensional Ink Games,Daybreak Game Company,"1,000,000 .. 2,000,000",1000000,2000000,1500000.0,16923,4093,21016,0.8052436239055958,0.0,Free,True,0,0,546,0
304670,Aeon Command,"Bat Country Games, LLC","Bat Country Games, LLC","1,000,000 .. 2,000,000",1000000,2000000,1500000.0,325,87,412,0.7888349514563107,2.99,0-10,False,0,0,0,0
228200,Company of Heroes,Relic Entertainment,Relic Entertainment,"1,000,000 .. 2,000,000",1000000,2000000,1500000.0,16025,946,16971,0.9442578516292499,19.99,10-30,False,0,0,864,0
233720,Surgeon Simulator,Bossa Studios,"Infogrames, Atari","1,000,000 .. 2,000,000",1000000,2000000,1500000.0,13566,2927,16493,0.8225307706299643,1.99,0-10,False,0,0,11,80
1483870,Draw & Guess,Acureus,Acureus,"1,000,000 .. 2,000,000",1000000,2000000,1500000.0,28294,5381,33675,0.8402078693392725,4.99,0-10,False,0,0,296,0
692850,Bloodstained: Ritual of the Night,ArtPlay,505 Games,"1,000,000 .. 2,000,000",1000000,2000000,1500000.0,36999,2486,39485,0.9370393820438141,39.99,30-60,False,0,0,158,0
15100,Assassin's Creed: Director's Cut Edition,Ubisoft Montreal,Ubisoft,"1,000,000 .. 2,000,000",1000000,2000000,1500000.0,17822,4075,21897,0.8139014476868978,19.99,10-30,False,0,0,61,0
1241100,POLYGON: Multiplayer Shooter,Redaster Studio,Redaster Studio,"1,000,000 .. 2,000,000",1000000,2000000,1500000.0,26313,8756,35069,0.7503207961447432,0.0,Free,True,0,0,119,0
1282100,REMNANT II,Gunfire Games,"Arc Games, THQ Nordic","1,000,000 .. 2,000,000",1000000,2000000,1500000.0,50249,10114,60363,0.8324470288090386,49.99,30-60,False,0,0,1573,0
287290,Resident Evil Revelations 2,"CAPCOM Co., Ltd.","CAPCOM Co., Ltd.","1,000,000 .. 2,000,000",1000000,2000000,1500000.0,22413,6276,28689,0.781240196591028,4.99,0-10,False,0,0,141,75
1225330,NBA 2K21,Visual Concepts,2K,"1,000,000 .. 2,000,000",1000000,2000000,1500000.0,16233,22823,39056,0.41563396149119214,0.0,Free,True,0,0,148,0
4920,Natural Selection 2,Unknown Worlds Entertainment,"Unknown Worlds Entertainment, KRAFTON, Inc.","1,000,000 .. 2,000,000",1000000,2000000,1500000.0,11207,1932,13139,0.8529568460309004,4.99,0-10,False,0,0,95,0
1515950,Capcom Arcade Stadium,"CAPCOM Co., Ltd.","CAPCOM Co., Ltd.","1,000,000 .. 2,000,000",1000000,2000000,1500000.0,2397,2010,4407,0.5439074200136147,59.99,30-60,False,0,0,32,0
19900,Far Cry 2,Ubisoft Montreal,Ubisoft,"1,000,000 .. 2,000,000",1000000,2000000,1500000.0,12895,3942,16837,0.7658727801864941,9.99,0-10,False,0,0,77,0
979690,The Ascent,Neon Giant,"KRAFTON, Inc.","1,000,000 .. 2,000,000",1000000,2000000,1500000.0,16932,5952,22884,0.7399056109071841,29.99,10-30,False,0,0,211,0
232050,Eador. Masters of the Broken World,Snowbird Games,Snowbird Games,"1,000,000 .. 2,000,000",1000000,2000000,1500000.0,1871,872,2743,0.6820998906306963,19.99,10-30,False,0,0,31,0
130,Half-Life: Blue Shift,Gearbox Software,Valve,"1,000,000 .. 2,000,000",1000000,2000000,1500000.0,17384,1410,18794,0.9249760561881452,4.99,0-10,False,0,0,35,0
809960,Radical Heights,Boss Key Productions,Boss Key Productions,"1,000,000 .. 2,000,000",1000000,2000000,1500000.0,6072,3727,9799,0.6196550668435554,0.0,Free,True,0,0,0,0
47790,Medal of Honor,Electronic Arts,Electronic Arts,"1,000,000 .. 2,000,000",1000000,2000000,1500000.0,7621,2438,10059,0.7576299830997117,19.99,10-30,False,0,0,24,0
253980,Enclave,Starbreeze,Topware Interactive,"1,000,000 .. 2,000,000",1000000,2000000,1500000.0,5068,1312,6380,0.7943573667711599,9.99,0-10,False,0,0,63,0
292730,Call of Duty: Infinite Warfare,Infinity Ward,Activision,"1,000,000 .. 2,000,000",1000000,2000000,1500000.0,16982,11396,28378,0.5984213122841638,59.99,30-60,False,0,0,326,0
774361,Blasphemous,The Game Kitchen,Team17,"1,000,000 .. 2,000,000",1000000,2000000,1500000.0,46393,5091,51484,0.9011149094864424,24.99,10-30,False,0,0,479,0
34270,SEGA Mega Drive and Genesis Classics,D3T Limited,SEGA,"1,000,000 .. 2,000,000",1000000,2000000,1500000.0,9533,2269,11802,0.8077444500932045,0.0,Free,True,0,0,22,0
251060,Wargame: Red Dragon,Eugen Systems,Eugen Systems,"1,000,000 .. 2,000,000",1000000,2000000,1500000.0,17036,2147,19183,0.8880779857165199,29.99,10-30,False,0,0,434,0
4500,S.T.A.L.K.E.R.: Shadow of Chernobyl,GSC Game World,GSC Game World,"1,000,000 .. 2,000,000",1000000,2000000,1500000.0,44761,2530,47291,0.9465014484785689,19.99,10-30,False,0,0,185,0
32470,STAR WARS Empire at War - Gold Pack,Petroglyph,"LucasArts, Lucasfilm, Disney","1,000,000 .. 2,000,000",1000000,2000000,1500000.0,38503,932,39435,0.9763661721820718,19.99,10-30,False,0,0,2818,0
837470,Untitled Goose Game,House House,Panic,"1,000,000 .. 2,000,000",1000000,2000000,1500000.0,21184,920,22104,0.9583785740137531,7.99,0-10,False,0,0,100,60
834910,ATLAS,"Grapeshot Games, Instinct Games","Grapeshot Games, Snail Games USA","1,000,000 .. 2,000,000",1000000,2000000,1500000.0,20142,22392,42534,0.47355057130765976,29.99,10-30,False,0,0,468,0
454650,DRAGON BALL XENOVERSE 2,"QLOC, Dimps Corporation",Bandai Namco Entertainment,"1,000,000 .. 2,000,000",1000000,2000000,1500000.0,47781,5102,52883,0.903522871244067,19.99,10-30,False,0,0,652,0
1284410,GWENT: The Witcher Card Game,CD PROJEKT RED,CD PROJEKT RED,"1,000,000 .. 2,000,000",1000000,2000000,1500000.0,24044,5320,29364,0.818825773055442,0.0,Free,True,0,0,619,0
1238820,Battlefield 3,DICE,Electronic Arts,"1,000,000 .. 2,000,000",1000000,2000000,1500000.0,10748,4612,15360,0.6997395833333333,39.99,30-60,False,0,0,90,0
323470,DRAGON BALL XENOVERSE,DIMPS,BANDAI NAMCO Entertainment,"1,000,000 .. 2,000,000",1000000,2000000,1500000.0,18775,2127,20902,0.8982394029279495,3.99,0-10,False,0,0,63,90
1089980,The Henry Stickmin Collection,PuffballsUnited,Innersloth,"1,000,000 .. 2,000,000",1000000,2000000,1500000.0,50017,681,50698,0.9865675174563099,5.99,0-10,False,0,0,185,60
1147560,Skul: The Hero Slayer,SOUTHPAW GAMES,NEOWIZ,"1,000,000 .. 2,000,000",1000000,2000000,1500000.0,51218,3683,54901,0.9329156117374912,19.99,10-30,False,0,0,1205,0
214560,Mark of the Ninja,Klei Entertainment,Microsoft Studios,"1,000,000 .. 2,000,000",1000000,2000000,1500000.0,15360,476,15836,0.9699419045213438,4.99,0-10,False,0,0,2,0
225080,Brothers - A Tale of Two Sons,Starbreeze Studios AB,505 Games,"1,000,000 .. 2,000,000",1000000,2000000,1500000.0,38721,2274,40995,0.9445298207098427,14.99,10-30,False,0,0,9,0
237930,Transistor,Supergiant Games,Supergiant Games,"1,000,000 .. 2,000,000",1000000,2000000,1500000.0,28786,1806,30592,0.9409649581589958,19.99,10-30,False,0,0,10,0
96100,Defy Gravity Extended,Paul Fisch,Fish Factory Games,"1,000,000 .. 2,000,000",1000000,2000000,1500000.0,7365,1187,8552,0.8612020579981291,1.99,0-10,False,0,0,0,0
113200,The Binding of Isaac,"Edmund McMillen, Florian Himsl",Edmund McMillen,"1,000,000 .. 2,000,000",1000000,2000000,1500000.0,57299,3080,60379,0.9489888868646383,1.74,0-10,False,0,0,213,65
2310,Quake,"id Software, Nightdive Studios, MachineGames",Bethesda Softworks,"1,000,000 .. 2,000,000",1000000,2000000,1500000.0,13926,474,14400,0.9670833333333333,9.99,0-10,False,0,0,82,0
599140,Graveyard Keeper,Lazy Bear Games,tinyBuild,"1,000,000 .. 2,000,000",1000000,2000000,1500000.0,37721,5926,43647,0.8642289275322473,19.99,10-30,False,0,0,941,0
1840,Source Filmmaker,Valve,Valve,"1,000,000 .. 2,000,000",1000000,2000000,1500000.0,37791,2868,40659,0.9294621117095846,0.0,Free,True,0,0,1047,0
65980,Sid Meier's Civilization: Beyond Earth,"Firaxis Games, Aspyr (Mac), Aspyr (Linux)","2K, Aspyr (Mac), Aspyr (Linux)","1,000,000 .. 2,000,000",1000000,2000000,1500000.0,13604,8974,22578,0.6025334396314997,39.99,30-60,False,0,0,268,0
373420,Divinity: Original Sin - Enhanced Edition,Larian Studios,Larian Studios,"1,000,000 .. 2,000,000",1000000,2000000,1500000.0,26069,2997,29066,0.8968898369228652,39.99,30-60,False,0,0,387,0
1621690,Core Keeper,Pugstorm,"Fireshine Games, bilibili","1,000,000 .. 2,000,000",1000000,2000000,1500000.0,51042,3937,54979,0.9283908401389621,19.99,10-30,False,0,0,3688,0
1089090,ONE PIECE: PIRATE WARRIORS 4,Koei Tecmo,BANDAI NAMCO Entertainment,"1,000,000 .. 2,000,000",1000000,2000000,1500000.0,18314,1666,19980,0.9166166166166166,39.99,30-60,False,0,0,191,0
311860,Data Hacker: Initiation,New Reality Games,New Reality Games,"1,000,000 .. 2,000,000",1000000,2000000,1500000.0,173,95,268,0.6455223880597015,1.99,0-10,False,0,0,2,0
942970,Unheard - Voices of Crime,NEXT Studios,"NEXT Studios, 505 Games","1,000,000 .. 2,000,000",1000000,2000000,1500000.0,30125,1184,31309,0.9621833977450573,2.79,0-10,False,0,0,68,60
41500,Torchlight,Runic Games,XD,"1,000,000 .. 2,000,000",1000000,2000000,1500000.0,6319,637,6956,0.9084243818286372,14.99,10-30,False,0,0,40,0
17080,Tribes: Ascend,Hi-Rez Studios,Hi-Rez Studios,"1,000,000 .. 2,000,000",1000000,2000000,1500000.0,6946,1639,8585,0.8090856144437973,0.0,Free,True,0,0,0,0
1778820,TEKKEN 8,Bandai Namco Studios Inc.,Bandai Namco Entertainment,"1,000,000 .. 2,000,000",1000000,2000000,1500000.0,33020,28048,61068,0.5407087181502588,39.99,30-60,False,0,0,4409,0
1522820,Orcs Must Die! 3,Robot Entertainment,Robot Entertainment,"1,000,000 .. 2,000,000",1000000,2000000,1500000.0,12067,2016,14083,0.8568486828090606,7.49,0-10,False,0,0,161,75
23310,The Last Remnant,Square Enix,Square Enix,"1,000,000 .. 2,000,000",1000000,2000000,1500000.0,3308,762,4070,0.8127764127764128,0.0,Free,True,0,0,26,0
487220,Freebie,"Free Games Info, hyperboreanGames",Back To Basics Gaming,"1,000,000 .. 2,000,000",1000000,2000000,1500000.0,1032,371,1403,0.7355666429080542,1.99,0-10,False,0,0,0,0
34440,Sid Meier's Civilization IV,Firaxis Games,2K,"1,000,000 .. 2,000,000",1000000,2000000,1500000.0,1473,145,1618,0.9103831891223733,19.99,10-30,False,0,0,1,0
4570,"Warhammer 40,000: Dawn of War - Anniversary Edition (Classic)",Relic Entertainment,Relic Entertainment,"1,000,000 .. 2,000,000",1000000,2000000,1500000.0,10634,572,11206,0.9489559164733179,14.99,10-30,False,0,0,76,0
2322560,Love Is All Around,intiny,intiny,"1,000,000 .. 2,000,000",1000000,2000000,1500000.0,42490,2924,45414,0.9356145681948298,9.99,0-10,False,0,0,71,0
2344520,Diablo IV,"Blizzard Entertainment, Inc.","Blizzard Entertainment, Inc.","1,000,000 .. 2,000,000",1000000,2000000,1500000.0,32969,17333,50302,0.6554212556160789,49.99,30-60,False,0,0,8835,0
6880,Just Cause,Avalanche Studios,Square Enix,"1,000,000 .. 2,000,000",1000000,2000000,1500000.0,3266,1674,4940,0.6611336032388664,0.97,0-10,False,0,0,8,86
10680,Aliens vs. Predator,Rebellion,SEGA,"1,000,000 .. 2,000,000",1000000,2000000,1500000.0,18175,1778,19953,0.9108905928932992,14.99,10-30,False,0,0,49,0
216150,MapleStory,NEXON Korea Corporation,Nexon America Inc.,"1,000,000 .. 2,000,000",1000000,2000000,1500000.0,8882,5305,14187,0.6260661168675548,0.0,Free,True,0,0,8092,0
443110,Armored Warfare,"Obsidian Entertainment, Wishlist Games",Wishlist Games,"1,000,000 .. 2,000,000",1000000,2000000,1500000.0,3238,1713,4951,0.6540092910523126,0.0,Free,True,0,0,121,0
378540,The Surge,Deck13,Focus Entertainment,"1,000,000 .. 2,000,000",1000000,2000000,1500000.0,8236,2715,10951,0.7520774358506073,14.99,10-30,False,0,0,92,0
527430,"Warhammer 40,000: Inquisitor - Martyr",NeocoreGames,NeocoreGames,"1,000,000 .. 2,000,000",1000000,2000000,1500000.0,16053,5097,21150,0.7590070921985815,49.99,30-60,False,0,0,208,0
753640,Outer Wilds,Mobius Digital,Annapurna Interactive,"1,000,000 .. 2,000,000",1000000,2000000,1500000.0,80833,3655,84488,0.9567394186156614,24.99,10-30,False,0,0,928,0
583950,Artifact,Valve,Valve,"1,000,000 .. 2,000,000",1000000,2000000,1500000.0,11614,13144,24758,0.46910089667986105,0.0,Free,True,0,0,33,0
206480,Dungeons & Dragons Online,Standing Stone Games,Daybreak Game Company LLC,"1,000,000 .. 2,000,000",1000000,2000000,1500000.0,5140,2090,7230,0.710926694329184,0.0,Free,True,0,0,260,0
334210,Fortified,Siege Camp,Siege Camp,"1,000,000 .. 2,000,000",1000000,2000000,1500000.0,1275,435,1710,0.7456140350877193,14.99,10-30,False,0,0,1,0
921630,音灵 INVAXION,Nanjing AQUATRAX,bilibili,"1,000,000 .. 2,000,000",1000000,2000000,1500000.0,3303,2911,6214,0.5315416800772449,0.0,Free,True,0,0,0,0
215080,WAKFU,Ankama Studio,Ankama Games,"1,000,000 .. 2,000,000",1000000,2000000,1500000.0,7744,2492,10236,0.7565455255959359,0.0,Free,True,0,0,257,0
65790,ARMA: Cold War Assault,Bohemia Interactive,Bohemia Interactive,"1,000,000 .. 2,000,000",1000000,2000000,1500000.0,4857,1236,6093,0.7971442639094042,4.99,0-10,False,0,0,10,0
332070,School of Dragons,"JumpStart Games, Inc.","JumpStart Games, Inc.","1,000,000 .. 2,000,000",1000000,2000000,1500000.0,3435,2127,5562,0.6175836030204962,0.0,Free,True,0,0,1,0
311340,METAL GEAR SOLID V: GROUND ZEROES,KONAMI,KONAMI,"1,000,000 .. 2,000,000",1000000,2000000,1500000.0,14283,2673,16956,0.8423566878980892,19.99,10-30,False,0,0,47,0
535930,Two Point Hospital,Two Point Studios,SEGA,"1,000,000 .. 2,000,000",1000000,2000000,1500000.0,30563,2711,33274,0.9185249744545291,29.99,10-30,False,0,0,518,0
414700,Outlast 2,Red Barrels,Red Barrels,"1,000,000 .. 2,000,000",1000000,2000000,1500000.0,50676,4824,55500,0.9130810810810811,19.99,10-30,False,0,0,119,0
270150,RUNNING WITH RIFLES,Osumia Games,Osumia Games,"1,000,000 .. 2,000,000",1000000,2000000,1500000.0,14195,1932,16127,0.8802009053140696,3.74,0-10,False,0,0,165,75
292910,Deponia: The Complete Journey,Daedalic Entertainment,Daedalic Entertainment,"1,000,000 .. 2,000,000",1000000,2000000,1500000.0,5613,931,6544,0.8577322738386308,29.99,10-30,False,0,0,31,0
447020,Farming Simulator 17,GIANTS Software,GIANTS Software,"1,000,000 .. 2,000,000",1000000,2000000,1500000.0,23379,1630,25009,0.9348234635531208,14.99,10-30,False,0,0,221,0
1282730,Loop Hero,Four Quarters,Devolver Digital,"1,000,000 .. 2,000,000",1000000,2000000,1500000.0,32214,2445,34659,0.9294555526703021,14.99,10-30,False,0,0,348,0
17300,Crysis,Crytek,Electronic Arts,"1,000,000 .. 2,000,000",1000000,2000000,1500000.0,10565,2649,13214,0.7995308006659604,29.99,10-30,False,0,0,10,0
102500,Kingdoms of Amalur: Reckoning,"Big Huge Games, 38 Studios","38 Studios, Electronic Arts","1,000,000 .. 2,000,000",1000000,2000000,1500000.0,11366,1553,12919,0.8797894573883428,0.0,Free,True,0,0,21,0
32800,Lord of the Rings: War in the North,Snowblind Studios,Warner Bros. Interactive Entertainment,"1,000,000 .. 2,000,000",1000000,2000000,1500000.0,7603,1749,9352,0.8129811804961505,0.0,Free,True,0,0,16,0
8850,BioShock 2,"2K Marin, 2K China, Digital Extremes, 2K Australia",2K,"1,000,000 .. 2,000,000",1000000,2000000,1500000.0,12864,1555,14419,0.8921561828143422,19.99,10-30,False,0,0,23,0
899440,GOD EATER 3,BANDAI NAMCO Studios Inc.,BANDAI NAMCO Entertainment,"1,000,000 .. 2,000,000",1000000,2000000,1500000.0,7450,1921,9371,0.7950058691708463,59.99,30-60,False,0,0,249,0
418240,Shadow Tactics: Blades of the Shogun,Mimimi Games,Daedalic Entertainment,"1,000,000 .. 2,000,000",1000000,2000000,1500000.0,35767,1470,37237,0.9605231355909445,3.99,0-10,False,0,0,218,90
207230,ArcheBlade,CodeBrush Games,Codebrush Games,"1,000,000 .. 2,000,000",1000000,2000000,1500000.0,5594,2053,7647,0.7315287040669544,0.0,Free,True,0,0,3,0
20570,"Warhammer 40,000: Dawn of War II Chaos Rising","Relic Entertainment, Feral Interactive (Mac/Linux)","SEGA, Feral Interactive (Mac/Linux)","1,000,000 .. 2,000,000",1000000,2000000,1500000.0,3047,304,3351,0.9092808116980006,0.0,Free,True,0,0,30,0
17460,Mass Effect (2007),BioWare,Electronic Arts,"1,000,000 .. 2,000,000",1000000,2000000,1500000.0,15394,1040,16434,0.9367165632225873,29.99,10-30,False,0,0,22,0
383150,Dead Island Definitive Edition,Techland,Deep Silver,"1,000,000 .. 2,000,000",1000000,2000000,1500000.0,20934,4593,25527,0.8200728640263251,1.99,0-10,False,0,0,410,90
224760,FEZ,Polytron Corporation,Trapdoor,"1,000,000 .. 2,000,000",1000000,2000000,1500000.0,14425,1137,15562,0.9269374116437475,9.99,0-10,False,0,0,37,0
1178830,Bright Memory: Infinite,FYQD-Studio,"FYQD-Studio, PLAYISM","1,000,000 .. 2,000,000",1000000,2000000,1500000.0,35622,3089,38711,0.9202035597117099,19.99,10-30,False,0,0,44,0
2012510,Stormgate,Frost Giant Studios,Frost Giant Studios,"1,000,000 .. 2,000,000",1000000,2000000,1500000.0,3728,3755,7483,0.49819591073099023,0.0,Free,True,0,0,36,0
510840,Evolvation,"Eric Ruts, Jacob Kooiman",HyperReuts,"1,000,000 .. 2,000,000",1000000,2000000,1500000.0,644,304,948,0.679324894514768,1.99,0-10,False,0,0,0,0
297000,Heroes of Might & Magic III - HD Edition,Dotemu,Ubisoft Entertainment,"1,000,000 .. 2,000,000",1000000,2000000,1500000.0,18085,4694,22779,0.7939330084727161,14.99,10-30,False,0,0,1213,0
1151640,Horizon Zero Dawn Complete Edition,Guerrilla,PlayStation Publishing LLC,"1,000,000 .. 2,000,000",1000000,2000000,1500000.0,110049,15148,125197,0.8790066854637092,49.99,30-60,False,0,0,700,0
334230,Town of Salem,BlankMediaGames,Digital Bandidos,"1,000,000 .. 2,000,000",1000000,2000000,1500000.0,32095,4314,36409,0.8815128127660743,4.99,0-10,False,0,0,117,0
418070,Turbo Pug,"Space Cat Studios, SnowFlame, Back To Basics Gaming",Back To Basics Gaming,"1,000,000 .. 2,000,000",1000000,2000000,1500000.0,3029,316,3345,0.9055306427503736,1.99,0-10,False,0,0,2,0
364470,The Elder Scrolls: Legends,"Sparkypants Studios, LLC",Bethesda Softworks,"1,000,000 .. 2,000,000",1000000,2000000,1500000.0,8267,2776,11043,0.7486190346826044,0.0,Free,True,0,0,1,0
601430,The Evil Within 2,Tango Gameworks,Bethesda Softworks,"1,000,000 .. 2,000,000",1000000,2000000,1500000.0,26655,2251,28906,0.9221268940704352,39.99,30-60,False,0,0,176,0
1190000,Car Mechanic Simulator 2021,Red Dot Games,PlayWay S.A.,"1,000,000 .. 2,000,000",1000000,2000000,1500000.0,28630,1211,29841,0.9594182500586441,3.74,0-10,False,0,0,1343,85
39140,FINAL FANTASY VII,Square Enix,Square Enix,"1,000,000 .. 2,000,000",1000000,2000000,1500000.0,25998,2013,28011,0.9281353753882403,11.99,10-30,False,0,0,386,0
4700,Total War: MEDIEVAL II – Definitive Edition,"CREATIVE ASSEMBLY, Feral Interactive (Mac), Feral Interactive (Linux)","SEGA, Feral Interactive (Mac), Feral Interactive (Linux)","1,000,000 .. 2,000,000",1000000,2000000,1500000.0,31910,1434,33344,0.9569937619961613,24.99,10-30,False,0,0,2814,0
263500,Dragons and Titans,Wyrmbyte,Versus Evil,"1,000,000 .. 2,000,000",1000000,2000000,1500000.0,2715,726,3441,0.7890148212728858,0.0,Free,True,0,0,1,0
675010,MudRunner,Saber Interactive,Focus Entertainment,"1,000,000 .. 2,000,000",1000000,2000000,1500000.0,34349,3347,37696,0.9112107385398981,3.99,0-10,False,0,0,280,80
220440,DmC: Devil May Cry,Ninja Theory,Capcom,"1,000,000 .. 2,000,000",1000000,2000000,1500000.0,27949,2035,29984,0.932130469583778,29.99,10-30,False,0,0,107,0
240320,Panzar,Panzar Studio,OVALIS INVESTMENTS LIMITED,"1,000,000 .. 2,000,000",1000000,2000000,1500000.0,3397,1750,5147,0.6599961142413057,0.0,Free,True,0,0,6,0
544730,Catan Universe,Client/Frontend: Endava  / Backend: SuperNimbus,USM,"1,000,000 .. 2,000,000",1000000,2000000,1500000.0,7826,8234,16060,0.48729763387297637,0.0,Free,True,0,0,848,0
337320,Paint the Town Red,South East Games,South East Games,"1,000,000 .. 2,000,000",1000000,2000000,1500000.0,28358,1218,29576,0.9588179605085204,19.99,10-30,False,0,0,296,0
350640,Sherlock Holmes: The Devil's Daughter,Frogwares,Frogwares,"1,000,000 .. 2,000,000",1000000,2000000,1500000.0,10985,2803,13788,0.7967072816942269,29.99,10-30,False,0,0,21,0
2231450,Pizza Tower,Tour De Pizza,Tour De Pizza,"1,000,000 .. 2,000,000",1000000,2000000,1500000.0,65599,1094,66693,0.9835964793906407,19.99,10-30,False,0,0,367,0
552100,Brick Rigs,Fluppisoft GmbH,Fluppisoft GmbH,"1,000,000 .. 2,000,000",1000000,2000000,1500000.0,47391,2731,50122,0.9455129484058896,19.99,10-30,False,0,0,983,0
1475810,Ghostwire: Tokyo,Tango Gameworks,Bethesda Softworks,"1,000,000 .. 2,000,000",1000000,2000000,1500000.0,15393,3269,18662,0.8248312078019505,59.99,30-60,False,0,0,97,0
427270,Orcs Must Die! Unchained,Robot Entertainment,Robot Entertainment,"1,000,000 .. 2,000,000",1000000,2000000,1500000.0,4205,1915,6120,0.6870915032679739,0.0,Free,True,0,0,2,0
392160,X4: Foundations,Egosoft,Egosoft,"1,000,000 .. 2,000,000",1000000,2000000,1500000.0,18951,4896,23847,0.7946911561202668,9.99,0-10,False,0,0,2141,80
346330,BrainBread 2,Reperio Studios,Reperio Studios,"1,000,000 .. 2,000,000",1000000,2000000,1500000.0,3785,1382,5167,0.7325333849429069,0.0,Free,True,0,0,6,0
3910,Sid Meier's Civilization III Complete,Firaxis Games,2K,"1,000,000 .. 2,000,000",1000000,2000000,1500000.0,6485,746,7231,0.8968330797953257,4.99,0-10,False,0,0,1383,0
1380400,Saving Grace,Thomas JC Ironmonger,Ironmonger Games,"1,000,000 .. 2,000,000",1000000,2000000,1500000.0,27,2,29,0.9310344827586207,1.99,0-10,False,0,0,0,0
805550,Assetto Corsa Competizione,Kunos Simulazioni,505 Games,"1,000,000 .. 2,000,000",1000000,2000000,1500000.0,36035,2908,38943,0.9253267596230388,39.99,30-60,False,0,0,1479,0
41000,Serious Sam HD: The First Encounter,Croteam,Devolver Digital,"1,000,000 .. 2,000,000",1000000,2000000,1500000.0,7652,539,8191,0.9341960688560615,2.99,0-10,False,0,0,46,80
1284190,The Planet Crafter,Miju Games,Miju Games,"1,000,000 .. 2,000,000",1000000,2000000,1500000.0,52168,2148,54316,0.9604536416525518,14.39,10-30,False,0,0,7330,40
2064650,Tower of Fantasy,Hotta Studio,Perfect World Games,"1,000,000 .. 2,000,000",1000000,2000000,1500000.0,7595,3375,10970,0.6923427529626254,0.0,Free,True,0,0,354,0
56437,"Warhammer 40,000: Dawn of War II: Retribution","Relic Entertainment, Feral Interactive (Mac/Linux)","SEGA, Feral Interactive (Mac/Linux)","1,000,000 .. 2,000,000",1000000,2000000,1500000.0,11303,1207,12510,0.9035171862509992,0.0,Free,True,0,0,0,0
585420,Trailmakers,Flashbulb,Flashbulb,"1,000,000 .. 2,000,000",1000000,2000000,1500000.0,25941,2106,28047,0.9249117552679431,24.99,10-30,False,0,0,903,0
1562430,DREDGE,Black Salt Games,Team17,"1,000,000 .. 2,000,000",1000000,2000000,1500000.0,42127,1839,43966,0.958172223991266,9.99,0-10,False,0,0,517,60
1987080,Inside the Backrooms,MrFatcat,"MrFatcat, Dropsiick","1,000,000 .. 2,000,000",1000000,2000000,1500000.0,36836,8196,45032,0.8179960916681471,5.59,0-10,False,0,0,237,20
666220,CS2D,Unreal Software,Unreal Software,"1,000,000 .. 2,000,000",1000000,2000000,1500000.0,8950,987,9937,0.9006742477608937,0.0,Free,True,0,0,20,0
529340,Victoria 3,Paradox Development Studio,Paradox Interactive,"1,000,000 .. 2,000,000",1000000,2000000,1500000.0,35043,17575,52618,0.6659888251168802,49.99,30-60,False,0,0,4609,0
245620,Tropico 5,Haemimont Games,Kalypso Media Digital,"1,000,000 .. 2,000,000",1000000,2000000,1500000.0,11092,3031,14123,0.7853855413155845,19.99,10-30,False,0,0,97,0
657200,Hand Simulator,HFM Games,HFM Games,"1,000,000 .. 2,000,000",1000000,2000000,1500000.0,30653,5873,36526,0.8392104254503642,2.99,0-10,False,0,0,20,0
6850,Hitman 2: Silent Assassin,Io-Interactive A/S,Io-Interactive A/S,"1,000,000 .. 2,000,000",1000000,2000000,1500000.0,3478,724,4202,0.8277010947168015,8.99,0-10,False,0,0,19,0
209160,Call of Duty: Ghosts,Infinity Ward,Activision,"1,000,000 .. 2,000,000",1000000,2000000,1500000.0,19917,10996,30913,0.6442920454177854,59.99,30-60,False,0,0,106,0
1388770,Cruelty Squad,Consumer Softproducts,Consumer Softproducts,"1,000,000 .. 2,000,000",1000000,2000000,1500000.0,20136,655,20791,0.9684959838391611,19.99,10-30,False,0,0,50,0
603850,Age of History II,Łukasz Jakowski,Łukasz Jakowski Games,"1,000,000 .. 2,000,000",1000000,2000000,1500000.0,41684,4711,46395,0.8984588856557819,4.79,0-10,False,0,0,513,20
32430,STAR WARS - The Force Unleashed Ultimate Sith Edition,LucasArts,"LucasArts, Lucasfilm, Disney","1,000,000 .. 2,000,000",1000000,2000000,1500000.0,8334,2681,11015,0.756604630049932,19.99,10-30,False,0,0,197,0
253900,Knights and Merchants,Topware Interactive,Topware Interactive,"1,000,000 .. 2,000,000",1000000,2000000,1500000.0,3949,714,4663,0.8468796911859318,9.99,0-10,False,0,0,47,0
1113000,Persona 4 Golden,ATLUS,SEGA,"1,000,000 .. 2,000,000",1000000,2000000,1500000.0,76008,2338,78346,0.9701580170015062,19.99,10-30,False,0,0,962,0
1016920,Unrailed!,Indoor Astronaut,Daedalic Entertainment,"1,000,000 .. 2,000,000",1000000,2000000,1500000.0,17426,1243,18669,0.9334190369061011,2.99,0-10,False,0,0,182,85
955050,Bright Memory,FYQD-Studio,"FYQD-Studio, PLAYISM","1,000,000 .. 2,000,000",1000000,2000000,1500000.0,29613,3115,32728,0.9048215595208995,7.99,0-10,False,0,0,5,0
1929610,Demonologist,Clock Wizard Games,Clock Wizard Games,"1,000,000 .. 2,000,000",1000000,2000000,1500000.0,18742,3006,21748,0.8617803935994114,19.99,10-30,False,0,0,266,0
2096610,Crysis 3 Remastered,"Crytek, Saber Interactive",Crytek,"1,000,000 .. 2,000,000",1000000,2000000,1500000.0,5108,685,5793,0.8817538408423959,13.49,10-30,False,0,0,59,55
1850570,DEATH STRANDING DIRECTOR'S CUT,KOJIMA PRODUCTIONS, 505 Games,"1,000,000 .. 2,000,000",1000000,2000000,1500000.0,36697,2819,39516,0.9286618078752911,39.99,30-60,False,0,0,1604,0
446800,Transport Fever,Urban Games,Good Shepherd Entertainment,"1,000,000 .. 2,000,000",1000000,2000000,1500000.0,8934,1788,10722,0.8332400671516508,29.99,10-30,False,0,0,91,0
209170,Call of Duty: Ghosts,Infinity Ward,Activision,"1,000,000 .. 2,000,000",1000000,2000000,1500000.0,15087,10789,25876,0.583049930437471,59.99,30-60,False,0,0,32,0
250400,How to Survive,Eko Software,505 Games,"1,000,000 .. 2,000,000",1000000,2000000,1500000.0,14071,2954,17025,0.8264904552129222,14.99,10-30,False,0,0,10,0
1296830,暖雪 Warm Snow,BadMudStudio,bilibili,"1,000,000 .. 2,000,000",1000000,2000000,1500000.0,34444,2563,37007,0.9307428324371065,17.99,10-30,False,0,0,516,0
1211020,Wobbly Life,RubberBandGames,RubberBandGames,"1,000,000 .. 2,000,000",1000000,2000000,1500000.0,26141,799,26940,0.9703414996288048,24.99,10-30,False,0,0,625,0
410320,EARTH DEFENSE FORCE 4.1 The Shadow of New Despair,SANDLOT,D3PUBLISHER,"1,000,000 .. 2,000,000",1000000,2000000,1500000.0,9554,500,10054,0.950268549830913,7.99,0-10,False,0,0,71,60
261110,Killer is Dead - Nightmare Edition,KADOKAWA GAMES / GRASSHOPPER MANUFACTURE,Deep Silver,"1,000,000 .. 2,000,000",1000000,2000000,1500000.0,6296,2105,8401,0.7494345911201048,19.99,10-30,False,0,0,9,0
208580,STAR WARS Knights of the Old Republic II - The Sith Lords,"Obsidian Entertainment, Aspyr (Mac, Linux, & Windows Update)","LucasArts, Lucasfilm, Aspyr (Mac, Linux)","1,000,000 .. 2,000,000",1000000,2000000,1500000.0,22754,1556,24310,0.9359934183463595,9.99,0-10,False,0,0,551,0
775500,SCARLET NEXUS,BANDAI NAMCO Studios Inc.,BANDAI NAMCO Entertainment,"1,000,000 .. 2,000,000",1000000,2000000,1500000.0,13888,3237,17125,0.8109781021897811,59.99,30-60,False,0,0,58,0
447820,Day of Infamy,New World Interactive,New World Interactive,"1,000,000 .. 2,000,000",1000000,2000000,1500000.0,18172,3883,22055,0.8239401496259352,14.99,10-30,False,0,0,17,0
1599600,PlateUp!,It's happening,"Yogscast Games, Gamersky Games","1,000,000 .. 2,000,000",1000000,2000000,1500000.0,22204,1197,23401,0.9488483398145379,19.99,10-30,False,0,0,832,0
475550,Beholder,Alawar Stargaze (Warm Lamp Games),Alawar,"1,000,000 .. 2,000,000",1000000,2000000,1500000.0,25444,2303,27747,0.9170000360399323,1.39,0-10,False,0,0,138,90
257510,The Talos Principle,Croteam,"Devolver Digital, Croteam","1,000,000 .. 2,000,000",1000000,2000000,1500000.0,30399,1462,31861,0.9541131791218104,29.99,10-30,False,0,0,117,0
474960,Quantum Break,Remedy Entertainment,Xbox Game Studios,"1,000,000 .. 2,000,000",1000000,2000000,1500000.0,24117,4023,28140,0.8570362473347548,7.99,0-10,False,0,0,46,80
237110,Mortal Kombat Komplete Edition,"NetherRealm Studios, High Voltage Software",Warner Bros. Interactive Entertainment,"1,000,000 .. 2,000,000",1000000,2000000,1500000.0,16939,1574,18513,0.9149786636417653,0.0,Free,True,0,0,37,0
444640,Bloons TD Battles,Ninja Kiwi,Ninja Kiwi,"1,000,000 .. 2,000,000",1000000,2000000,1500000.0,26414,2682,29096,0.9078223810833104,0.0,Free,True,0,0,215,0
843380,Super Animal Royale,Pixile,Pixile,"1,000,000 .. 2,000,000",1000000,2000000,1500000.0,39667,2700,42367,0.9362711544362358,0.0,Free,True,0,0,364,0
560130,Pillars of Eternity II: Deadfire,Obsidian Entertainment,"Versus Evil, Obsidian Entertainment, Xbox Game Studios","1,000,000 .. 2,000,000",1000000,2000000,1500000.0,16666,2265,18931,0.8803549733241772,15.99,10-30,False,0,0,233,60
4760,Rome: Total War - Collection,CREATIVE ASSEMBLY,SEGA,"1,000,000 .. 2,000,000",1000000,2000000,1500000.0,15304,873,16177,0.9460344934165791,0.0,Free,True,0,0,552,0
568220,Lobotomy Corporation | Monster Management Simulation,ProjectMoon,ProjectMoon,"1,000,000 .. 2,000,000",1000000,2000000,1500000.0,41213,2719,43932,0.9381088955658745,24.99,10-30,False,0,0,1524,0
257350,Baldur's Gate II: Enhanced Edition,Beamdog,Beamdog,"1,000,000 .. 2,000,000",1000000,2000000,1500000.0,9243,797,10040,0.9206175298804781,19.99,10-30,False,0,0,279,0
202750,Alan Wake's American Nightmare,Remedy Entertainment,Remedy Entertainment,"1,000,000 .. 2,000,000",1000000,2000000,1500000.0,6527,2433,8960,0.7284598214285715,0.89,0-10,False,0,0,21,90
34870,Sniper: Ghost Warrior 2,City Interactive,CI Games,"1,000,000 .. 2,000,000",1000000,2000000,1500000.0,13533,4383,17916,0.7553583389149364,9.99,0-10,False,0,0,25,0
1676130,Deadlink,Gruby Entertainment,SuperGG.com,"1,000,000 .. 2,000,000",1000000,2000000,1500000.0,3050,349,3399,0.8973227419829362,24.99,10-30,False,0,0,11,0
224540,Ace of Spades: Battle Builder,Jagex Limited,Jagex Limited,"1,000,000 .. 2,000,000",1000000,2000000,1500000.0,11922,6346,18268,0.6526165973286622,0.0,Free,True,0,0,0,0
699130,World War Z,Saber Interactive Inc,Saber Interactive Inc,"1,000,000 .. 2,000,000",1000000,2000000,1500000.0,21657,4401,26058,0.8311075293575869,29.99,10-30,False,0,0,1663,0
816020,JUMP FORCE,"Spike Chunsoft Co., Ltd.",BANDAI NAMCO Entertainment,"1,000,000 .. 2,000,000",1000000,2000000,1500000.0,16682,6019,22701,0.7348574952645258,0.0,Free,True,0,0,12,0
462780,Darksiders Warmastered Edition,"KAIKO, Vigil Games",THQ Nordic,"1,000,000 .. 2,000,000",1000000,2000000,1500000.0,13991,1943,15934,0.8780594954186017,19.99,10-30,False,0,0,87,0
681660,Bless Online,NEOWIZ BLESS STUDIO,NEOWIZ,"1,000,000 .. 2,000,000",1000000,2000000,1500000.0,3683,6185,9868,0.3732265910012161,0.0,Free,True,0,0,0,0
34460,Civilization IV: Beyond the Sword,Firaxis Games,2K,"1,000,000 .. 2,000,000",1000000,2000000,1500000.0,1516,75,1591,0.9528598365807668,9.99,0-10,False,0,0,5,0
448510,Overcooked,Ghost Town Games Ltd.,Team17 Digital Ltd,"1,000,000 .. 2,000,000",1000000,2000000,1500000.0,13706,1469,15175,0.9031960461285008,1.69,0-10,False,0,0,61,90
1307550,Craftopia,Pocketpair,Pocketpair,"1,000,000 .. 2,000,000",1000000,2000000,1500000.0,15406,4977,20383,0.7558259333758525,24.99,10-30,False,0,0,119,0
1129580,Medieval Dynasty,Render Cube,Toplitz Productions,"1,000,000 .. 2,000,000",1000000,2000000,1500000.0,40992,4174,45166,0.9075853518133109,17.49,10-30,False,0,0,1366,50
460920,Steep,"Ubisoft Annecy, Ubisoft Montpellier, Ubisoft Kiev",Ubisoft,"1,000,000 .. 2,000,000",1000000,2000000,1500000.0,25437,5447,30884,0.8236303587618184,29.99,10-30,False,0,0,128,0
55110,Red Faction: Armageddon,Volition,Deep Silver ,"1,000,000 .. 2,000,000",1000000,2000000,1500000.0,3537,1314,4851,0.7291280148423006,19.99,10-30,False,0,0,6,0
278080,DYNASTY WARRIORS 8: Xtreme Legends Complete Edition,"KOEI TECMO GAMES CO., LTD.","KOEI TECMO GAMES CO., LTD.","1,000,000 .. 2,000,000",1000000,2000000,1500000.0,11342,2155,13497,0.8403348892346447,14.99,10-30,False,0,0,242,70
996580,Spyro Reignited Trilogy,"Toys for Bob, Iron Galaxy Studios",Activision,"1,000,000 .. 2,000,000",1000000,2000000,1500000.0,19266,1240,20506,0.9395298936896518,9.99,0-10,False,0,0,351,75
231060,Ragnarok Online 2,"Gravity, Inc.",Gravity Interactive,"1,000,000 .. 2,000,000",1000000,2000000,1500000.0,1848,1336,3184,0.5804020100502513,0.0,Free,True,0,0,5,0
108800,Crysis 2 - Maximum Edition,Crytek Studios,Electronic Arts,"1,000,000 .. 2,000,000",1000000,2000000,1500000.0,11621,2008,13629,0.8526671069043951,29.99,10-30,False,0,0,27,0
673950,Farm Together,Milkstone Studios,Milkstone Studios,"1,000,000 .. 2,000,000",1000000,2000000,1500000.0,20462,1266,21728,0.9417341678939617,19.99,10-30,False,0,0,311,0
1094520,Sands of Salzaar,汉家松鼠Han-Squirrel Studio,XD,"1,000,000 .. 2,000,000",1000000,2000000,1500000.0,18556,4085,22641,0.8195751071065766,14.99,10-30,False,0,0,90,0
747660,Five Nights at Freddy's: Security Breach,Steel Wool Studios,ScottGames,"1,000,000 .. 2,000,000",1000000,2000000,1500000.0,56080,8779,64859,0.8646448449713995,39.99,30-60,False,0,0,196,0
6910,Deus Ex: Game of the Year Edition,Ion Storm,Eidos Interactive Corp.,"1,000,000 .. 2,000,000",1000000,2000000,1500000.0,13801,751,14552,0.9483919736118747,6.99,0-10,False,0,0,48,0
239350,Spelunky,Mossmouth,Mossmouth,"1,000,000 .. 2,000,000",1000000,2000000,1500000.0,15005,1288,16293,0.9209476462284416,14.99,10-30,False,0,0,60,0
215280,Secret World Legends,Funcom,Funcom,"1,000,000 .. 2,000,000",1000000,2000000,1500000.0,6104,2956,9060,0.6737306843267108,0.0,Free,True,0,0,34,0
360430,Mafia III: Definitive Edition,"Hangar 13, Aspyr (Mac)","2K, Aspyr (Mac)","1,000,000 .. 2,000,000",1000000,2000000,1500000.0,32366,24142,56508,0.5727684575635308,5.99,0-10,False,0,0,869,80
673130,AMID EVIL,Indefatigable,New Blood Interactive,"1,000,000 .. 2,000,000",1000000,2000000,1500000.0,6709,448,7157,0.9374039401984071,19.99,10-30,False,0,0,9,0
377300,Thunder Tier One,"KRAFTON, Inc.","KRAFTON, Inc.","1,000,000 .. 2,000,000",1000000,2000000,1500000.0,3162,1573,4735,0.6677930306230201,0.0,Free,True,0,0,102,0
2552430,KINGDOM HEARTS -HD 1.5+2.5 ReMIX-,Square Enix,Square Enix,"1,000,000 .. 2,000,000",1000000,2000000,1500000.0,6361,1241,7602,0.8367534859247566,49.99,30-60,False,0,0,886,0
323850,Move or Die,"Xelu, Those Awesome Guys",Those Awesome Guys,"1,000,000 .. 2,000,000",1000000,2000000,1500000.0,20818,2415,23233,0.8960530280204881,14.99,10-30,False,0,0,21,0
1030840,Mafia: Definitive Edition,Hangar 13,2K,"1,000,000 .. 2,000,000",1000000,2000000,1500000.0,79686,12107,91793,0.8681054110879914,5.99,0-10,False,0,0,686,85
823500,BONEWORKS,Stress Level Zero,Stress Level Zero,"1,000,000 .. 2,000,000",1000000,2000000,1500000.0,32917,2762,35679,0.9225875164662687,29.99,10-30,False,0,0,38,0
841370,NBA 2K19,Visual Concepts,2K,"1,000,000 .. 2,000,000",1000000,2000000,1500000.0,8866,13826,22692,0.3907103825136612,0.0,Free,True,0,0,129,0
204340,Serious Sam II,Croteam,Devolver Digital,"1,000,000 .. 2,000,000",1000000,2000000,1500000.0,11356,1312,12668,0.896431954531102,0.99,0-10,False,0,0,61,90
794260,Outward Definitive Edition,Nine Dots Studio,"Prime Matter, Deep Silver","1,000,000 .. 2,000,000",1000000,2000000,1500000.0,20738,7717,28455,0.7287998594271657,39.99,30-60,False,0,0,469,0
2680010,The First Berserker: Khazan,Neople,NEXON,"1,000,000 .. 2,000,000",1000000,2000000,1500000.0,15733,1816,17549,0.8965183201322012,59.99,30-60,False,0,0,1253,0
299460,Woodle Tree Adventures,Fabio Ferrara,Chubby Pixel,"1,000,000 .. 2,000,000",1000000,2000000,1500000.0,3717,1800,5517,0.6737357259380098,0.67,0-10,False,0,0,3,83
1755910,Capcom Arcade 2nd Stadium,"CAPCOM Co., Ltd.","CAPCOM Co., Ltd.","1,000,000 .. 2,000,000",1000000,2000000,1500000.0,665,312,977,0.6806550665301945,59.99,30-60,False,0,0,42,0
1266680,Strobophagia | Rave Horror,Green Tile Digital,"Green Tile Digital, THQ Nordic","1,000,000 .. 2,000,000",1000000,2000000,1500000.0,75,16,91,0.8241758241758241,19.99,10-30,False,0,0,0,0
265550,Dead Rising 3 Apocalypse Edition,Capcom Game Studio Vancouver,Capcom,"1,000,000 .. 2,000,000",1000000,2000000,1500000.0,14615,4459,19074,0.7662262766068995,29.99,10-30,False,0,0,136,0
246900,Viscera Cleanup Detail,RuneStorm,RuneStorm,"1,000,000 .. 2,000,000",1000000,2000000,1500000.0,20651,1639,22290,0.9264692687303724,12.99,10-30,False,0,0,140,0
253960,Jack Orlando: Director's Cut,Toontraxx Studios,Topware Interactive,"1,000,000 .. 2,000,000",1000000,2000000,1500000.0,445,202,647,0.6877897990726429,6.99,0-10,False,0,0,33,0
450390,The Lab,Valve,Valve,"1,000,000 .. 2,000,000",1000000,2000000,1500000.0,6066,323,6389,0.949444357489435,0.0,Free,True,0,0,18,0
920210,LEGO Star Wars: The Skywalker Saga,TT Games,"Warner Bros. Games, Warner Bros. Interactive Entertainment","1,000,000 .. 2,000,000",1000000,2000000,1500000.0,40865,4173,45038,0.9073449087437275,49.99,30-60,False,0,0,719,0
17480,Command & Conquer: Red Alert 3,EA Los Angeles,Electronic Arts,"1,000,000 .. 2,000,000",1000000,2000000,1500000.0,12792,2220,15012,0.8521183053557154,19.88,10-30,False,0,0,362,0
249130,LEGO Marvel Super Heroes,Traveller's Tales,Warner Bros. Interactive Entertainment,"1,000,000 .. 2,000,000",1000000,2000000,1500000.0,24959,1218,26177,0.953470603965313,19.99,10-30,False,0,0,298,0
1017180,The Long Drive,Genesz,Genesz,"1,000,000 .. 2,000,000",1000000,2000000,1500000.0,42761,4666,47427,0.901617222257364,15.99,10-30,False,0,0,377,0
26800,Braid,Number None,Number None,"1,000,000 .. 2,000,000",1000000,2000000,1500000.0,9121,640,9761,0.9344329474439095,14.99,10-30,False,0,0,5,0
640590,The LEGO NINJAGO Movie Video Game,"Traveller's Tales, TT Games",Warner Bros. Interactive Entertainment,"1,000,000 .. 2,000,000",1000000,2000000,1500000.0,6151,1028,7179,0.8568045688814598,19.99,10-30,False,0,0,28,0
1515210,The Past Within,Rusty Lake,Rusty Lake,"1,000,000 .. 2,000,000",1000000,2000000,1500000.0,14362,794,15156,0.9476115069939298,5.99,0-10,False,0,0,51,0
1147550,Not For Broadcast,NotGames,tinyBuild,"1,000,000 .. 2,000,000",1000000,2000000,1500000.0,10897,687,11584,0.9406940607734806,24.99,10-30,False,0,0,33,0
434650,Lost Castle / 失落城堡,Hunter Studio,Neon Doctrine,"1,000,000 .. 2,000,000",1000000,2000000,1500000.0,20442,3082,23524,0.8689848665192994,9.99,0-10,False,0,0,114,0
1774580,STAR WARS Jedi: Survivor,Respawn,Electronic Arts,"1,000,000 .. 2,000,000",1000000,2000000,1500000.0,46131,20923,67054,0.6879679064634474,69.99,60+,False,0,0,2353,0
431730,Aseprite,Igara Studio,Igara Studio,"1,000,000 .. 2,000,000",1000000,2000000,1500000.0,21620,198,21818,0.9909249243743697,19.99,10-30,False,0,0,4541,0
780310,The Riftbreaker,EXOR Studios,"EXOR Studios, Surefire.Games","1,000,000 .. 2,000,000",1000000,2000000,1500000.0,16245,1760,18005,0.9022493751735629,8.99,0-10,False,0,0,231,70
261030,The Walking Dead: Season Two,Telltale Games,Skybound Games,"1,000,000 .. 2,000,000",1000000,2000000,1500000.0,30526,1113,31639,0.9648218970258226,14.99,10-30,False,0,0,199,0
1328670,Mass Effect Legendary Edition,BioWare,Electronic Arts,"1,000,000 .. 2,000,000",1000000,2000000,1500000.0,51295,5033,56328,0.9106483454054822,59.99,30-60,False,0,0,2420,0
226840,Age of Wonders III,Triumph Studios,Paradox Interactive,"1,000,000 .. 2,000,000",1000000,2000000,1500000.0,10093,2485,12578,0.8024328192081412,29.99,10-30,False,0,0,163,0
374040,Portal Knights,Keen Games GmbH,505 Games,"1,000,000 .. 2,000,000",1000000,2000000,1500000.0,18093,3593,21686,0.8343170709213318,19.99,10-30,False,0,0,76,0
668580,Atomic Heart,Mundfish,"Focus Entertainment, 4Divinity","1,000,000 .. 2,000,000",1000000,2000000,1500000.0,31167,6828,37995,0.8202921437031189,14.99,10-30,False,0,0,466,75
1044720,Farthest Frontier,Crate Entertainment,Crate Entertainment,"1,000,000 .. 2,000,000",1000000,2000000,1500000.0,16780,2724,19504,0.8603363412633306,34.99,30-60,False,0,0,995,0
544750,SOULCALIBUR VI,"BANDAI NAMCO Studios Inc., Dimps Corporation",BANDAI NAMCO Entertainment,"1,000,000 .. 2,000,000",1000000,2000000,1500000.0,11147,2394,13541,0.823203603869729,59.99,30-60,False,0,0,119,0
972660,Spiritfarer: Farewell Edition,Thunder Lotus,Thunder Lotus,"1,000,000 .. 2,000,000",1000000,2000000,1500000.0,44192,2225,46417,0.9520649761940668,29.99,10-30,False,0,0,702,0
1150690,OMORI,"OMOCAT, LLC","OMOCAT, LLC","1,000,000 .. 2,000,000",1000000,2000000,1500000.0,78023,2214,80237,0.9724067450178845,19.99,10-30,False,0,0,506,0
